-- MySQL dump 10.13  Distrib 8.0.26, for macos11.3 (x86_64)
--
-- Host: localhost    Database: ucode-cms
-- ------------------------------------------------------
-- Server version	5.7.35

/*!40101 SET @OLD_CHARACTER_SET_CLIENT=@@CHARACTER_SET_CLIENT */;
/*!40101 SET @OLD_CHARACTER_SET_RESULTS=@@CHARACTER_SET_RESULTS */;
/*!40101 SET @OLD_COLLATION_CONNECTION=@@COLLATION_CONNECTION */;
/*!50503 SET NAMES utf8mb4 */;
/*!40103 SET @OLD_TIME_ZONE=@@TIME_ZONE */;
/*!40103 SET TIME_ZONE='+00:00' */;
/*!40014 SET @OLD_UNIQUE_CHECKS=@@UNIQUE_CHECKS, UNIQUE_CHECKS=0 */;
/*!40014 SET @OLD_FOREIGN_KEY_CHECKS=@@FOREIGN_KEY_CHECKS, FOREIGN_KEY_CHECKS=0 */;
/*!40101 SET @OLD_SQL_MODE=@@SQL_MODE, SQL_MODE='NO_AUTO_VALUE_ON_ZERO' */;
/*!40111 SET @OLD_SQL_NOTES=@@SQL_NOTES, SQL_NOTES=0 */;

--
-- Table structure for table `qrtz_blob_triggers`
--

DROP TABLE IF EXISTS `qrtz_blob_triggers`;
/*!40101 SET @saved_cs_client     = @@character_set_client */;
/*!50503 SET character_set_client = utf8mb4 */;
CREATE TABLE `qrtz_blob_triggers` (
  `sched_name` varchar(120) NOT NULL COMMENT 'è°ƒåº¦åç§°',
  `trigger_name` varchar(200) NOT NULL COMMENT 'qrtz_triggersè¡¨trigger_nameçš„å¤–é”®',
  `trigger_group` varchar(200) NOT NULL COMMENT 'qrtz_triggersè¡¨trigger_groupçš„å¤–é”®',
  `blob_data` blob COMMENT 'å­˜æ”¾æŒä¹…åŒ–Triggerå¯¹è±¡',
  PRIMARY KEY (`sched_name`,`trigger_name`,`trigger_group`),
  CONSTRAINT `qrtz_blob_triggers_ibfk_1` FOREIGN KEY (`sched_name`, `trigger_name`, `trigger_group`) REFERENCES `qrtz_triggers` (`sched_name`, `trigger_name`, `trigger_group`) ON DELETE CASCADE ON UPDATE CASCADE
) ENGINE=InnoDB DEFAULT CHARSET=utf8 COMMENT='Blobç±»å‹çš„è§¦å‘å™¨è¡¨';
/*!40101 SET character_set_client = @saved_cs_client */;

--
-- Dumping data for table `qrtz_blob_triggers`
--

LOCK TABLES `qrtz_blob_triggers` WRITE;
/*!40000 ALTER TABLE `qrtz_blob_triggers` DISABLE KEYS */;
/*!40000 ALTER TABLE `qrtz_blob_triggers` ENABLE KEYS */;
UNLOCK TABLES;

--
-- Table structure for table `qrtz_calendars`
--

DROP TABLE IF EXISTS `qrtz_calendars`;
/*!40101 SET @saved_cs_client     = @@character_set_client */;
/*!50503 SET character_set_client = utf8mb4 */;
CREATE TABLE `qrtz_calendars` (
  `sched_name` varchar(120) NOT NULL COMMENT 'è°ƒåº¦åç§°',
  `calendar_name` varchar(200) NOT NULL COMMENT 'æ—¥å†åç§°',
  `calendar` blob NOT NULL COMMENT 'å­˜æ”¾æŒä¹…åŒ–calendarå¯¹è±¡',
  PRIMARY KEY (`sched_name`,`calendar_name`)
) ENGINE=InnoDB DEFAULT CHARSET=utf8 COMMENT='æ—¥å†ä¿¡æ¯è¡¨';
/*!40101 SET character_set_client = @saved_cs_client */;

--
-- Dumping data for table `qrtz_calendars`
--

LOCK TABLES `qrtz_calendars` WRITE;
/*!40000 ALTER TABLE `qrtz_calendars` DISABLE KEYS */;
/*!40000 ALTER TABLE `qrtz_calendars` ENABLE KEYS */;
UNLOCK TABLES;

--
-- Table structure for table `qrtz_cron_triggers`
--

DROP TABLE IF EXISTS `qrtz_cron_triggers`;
/*!40101 SET @saved_cs_client     = @@character_set_client */;
/*!50503 SET character_set_client = utf8mb4 */;
CREATE TABLE `qrtz_cron_triggers` (
  `sched_name` varchar(120) NOT NULL COMMENT 'è°ƒåº¦åç§°',
  `trigger_name` varchar(200) NOT NULL COMMENT 'qrtz_triggersè¡¨trigger_nameçš„å¤–é”®',
  `trigger_group` varchar(200) NOT NULL COMMENT 'qrtz_triggersè¡¨trigger_groupçš„å¤–é”®',
  `cron_expression` varchar(200) NOT NULL COMMENT 'cronè¡¨è¾¾å¼',
  `time_zone_id` varchar(80) DEFAULT NULL COMMENT 'æ—¶åŒº',
  PRIMARY KEY (`sched_name`,`trigger_name`,`trigger_group`),
  CONSTRAINT `qrtz_cron_triggers_ibfk_1` FOREIGN KEY (`sched_name`, `trigger_name`, `trigger_group`) REFERENCES `qrtz_triggers` (`sched_name`, `trigger_name`, `trigger_group`) ON DELETE CASCADE ON UPDATE CASCADE
) ENGINE=InnoDB DEFAULT CHARSET=utf8 COMMENT='Cronç±»å‹çš„è§¦å‘å™¨è¡¨';
/*!40101 SET character_set_client = @saved_cs_client */;

--
-- Dumping data for table `qrtz_cron_triggers`
--

LOCK TABLES `qrtz_cron_triggers` WRITE;
/*!40000 ALTER TABLE `qrtz_cron_triggers` DISABLE KEYS */;
INSERT INTO `qrtz_cron_triggers` VALUES ('UCodeCmsScheduler','TASK_CLASS_NAME1','DEFAULT','* * * * * ?','Asia/Shanghai'),('UCodeCmsScheduler','TASK_CLASS_NAME2','DEFAULT','0/15 * * * * ?','Asia/Shanghai'),('UCodeCmsScheduler','TASK_CLASS_NAME3','DEFAULT','0/20 * * * * ?','Asia/Shanghai'),('UCodeCmsScheduler','TASK_CLASS_NAME4','DEFAULT','* * * * * ?','Asia/Shanghai');
/*!40000 ALTER TABLE `qrtz_cron_triggers` ENABLE KEYS */;
UNLOCK TABLES;

--
-- Table structure for table `qrtz_fired_triggers`
--

DROP TABLE IF EXISTS `qrtz_fired_triggers`;
/*!40101 SET @saved_cs_client     = @@character_set_client */;
/*!50503 SET character_set_client = utf8mb4 */;
CREATE TABLE `qrtz_fired_triggers` (
  `sched_name` varchar(120) NOT NULL COMMENT 'è°ƒåº¦åç§°',
  `entry_id` varchar(95) NOT NULL COMMENT 'è°ƒåº¦å™¨å®ä¾‹id',
  `trigger_name` varchar(200) NOT NULL COMMENT 'qrtz_triggersè¡¨trigger_nameçš„å¤–é”®',
  `trigger_group` varchar(200) NOT NULL COMMENT 'qrtz_triggersè¡¨trigger_groupçš„å¤–é”®',
  `instance_name` varchar(200) NOT NULL COMMENT 'è°ƒåº¦å™¨å®ä¾‹å',
  `fired_time` bigint(13) NOT NULL COMMENT 'è§¦å‘çš„æ—¶é—´',
  `sched_time` bigint(13) NOT NULL COMMENT 'å®šæ—¶å™¨åˆ¶å®šçš„æ—¶é—´',
  `priority` int(11) NOT NULL COMMENT 'ä¼˜å…ˆçº§',
  `state` varchar(16) NOT NULL COMMENT 'çŠ¶æ€',
  `job_name` varchar(200) DEFAULT NULL COMMENT 'ä»»åŠ¡åç§°',
  `job_group` varchar(200) DEFAULT NULL COMMENT 'ä»»åŠ¡ç»„å',
  `is_nonconcurrent` varchar(1) DEFAULT NULL COMMENT 'æ˜¯å¦å¹¶å‘',
  `requests_recovery` varchar(1) DEFAULT NULL COMMENT 'æ˜¯å¦æ¥å—æ¢å¤æ‰§è¡Œ',
  PRIMARY KEY (`sched_name`,`entry_id`)
) ENGINE=InnoDB DEFAULT CHARSET=utf8 COMMENT='å·²è§¦å‘çš„è§¦å‘å™¨è¡¨';
/*!40101 SET character_set_client = @saved_cs_client */;

--
-- Dumping data for table `qrtz_fired_triggers`
--

LOCK TABLES `qrtz_fired_triggers` WRITE;
/*!40000 ALTER TABLE `qrtz_fired_triggers` DISABLE KEYS */;
/*!40000 ALTER TABLE `qrtz_fired_triggers` ENABLE KEYS */;
UNLOCK TABLES;

--
-- Table structure for table `qrtz_job_details`
--

DROP TABLE IF EXISTS `qrtz_job_details`;
/*!40101 SET @saved_cs_client     = @@character_set_client */;
/*!50503 SET character_set_client = utf8mb4 */;
CREATE TABLE `qrtz_job_details` (
  `sched_name` varchar(120) NOT NULL COMMENT 'è°ƒåº¦åç§°',
  `job_name` varchar(200) NOT NULL COMMENT 'ä»»åŠ¡åç§°',
  `job_group` varchar(200) NOT NULL COMMENT 'ä»»åŠ¡ç»„å',
  `description` varchar(250) DEFAULT NULL COMMENT 'ç›¸å…³ä»‹ç»',
  `job_class_name` varchar(250) NOT NULL COMMENT 'æ‰§è¡Œä»»åŠ¡ç±»åç§°',
  `is_durable` varchar(1) NOT NULL COMMENT 'æ˜¯å¦æŒä¹…åŒ–',
  `is_nonconcurrent` varchar(1) NOT NULL COMMENT 'æ˜¯å¦å¹¶å‘',
  `is_update_data` varchar(1) NOT NULL COMMENT 'æ˜¯å¦æ›´æ–°æ•°æ®',
  `requests_recovery` varchar(1) NOT NULL COMMENT 'æ˜¯å¦æ¥å—æ¢å¤æ‰§è¡Œ',
  `job_data` blob COMMENT 'å­˜æ”¾æŒä¹…åŒ–jobå¯¹è±¡',
  PRIMARY KEY (`sched_name`,`job_name`,`job_group`)
) ENGINE=InnoDB DEFAULT CHARSET=utf8 COMMENT='ä»»åŠ¡è¯¦ç»†ä¿¡æ¯è¡¨';
/*!40101 SET character_set_client = @saved_cs_client */;

--
-- Dumping data for table `qrtz_job_details`
--

LOCK TABLES `qrtz_job_details` WRITE;
/*!40000 ALTER TABLE `qrtz_job_details` DISABLE KEYS */;
INSERT INTO `qrtz_job_details` VALUES ('UCodeCmsScheduler','TASK_CLASS_NAME1','DEFAULT',NULL,'xin.altitude.cms.job.util.QuartzDisallowConcurrentExecution','0','1','0','0',_binary '¬\í\0sr\0org.quartz.JobDataMapŸ°ƒè¿©°\Ë\0\0xr\0&org.quartz.utils.StringKeyDirtyFlagMap‚\è\Ãû\Å](\0Z\0allowsTransientDataxr\0org.quartz.utils.DirtyFlagMap\æ.­(v\n\Î\0Z\0dirtyL\0mapt\0Ljava/util/Map;xpsr\0java.util.HashMap\ÚÁ\Ã`\Ñ\0F\0\nloadFactorI\0	thresholdxp?@\0\0\0\0\0w\0\0\0\0\0\0t\0TASK_PROPERTIESsr\0\"xin.altitude.cms.job.domain.SysJobƒiÁ8\Ä{\0L\0\nconcurrentt\0Ljava/lang/String;L\0cronExpressionq\0~\0	L\0invokeTargetq\0~\0	L\0jobGroupq\0~\0	L\0jobIdt\0Ljava/lang/Long;L\0jobNameq\0~\0	L\0\rmisfirePolicyq\0~\0	L\0statusq\0~\0	xr\0)xin.altitude.cms.common.entity.BaseEntity\0\0\0\0\0\0\0\0L\0\ncreateTimet\0Ljava/time/LocalDateTime;L\0deletedt\0Ljava/lang/Boolean;L\0\nupdateTimeq\0~\0xpsr\0\rjava.time.Ser•]„º\"H²\0\0xpw\n\0\0\å	9\Çxsr\0java.lang.Boolean\Í r€Õœú\î\0Z\0valuexp\0sq\0~\0w\n\0\0\æ\âxt\01t\0* * * * * ?t\0cmsTask.noParamst\0DEFAULTsr\0java.lang.Long;‹\äÌ#\ß\0J\0valuexr\0java.lang.Number†¬•”\à‹\0\0xp\0\0\0\0\0\0\0t\0ç³»ç»Ÿé»˜è®¤ï¼ˆæ— å‚ï¼‰t\03t\01x\0'),('UCodeCmsScheduler','TASK_CLASS_NAME2','DEFAULT',NULL,'xin.altitude.cms.job.util.QuartzDisallowConcurrentExecution','0','1','0','0',_binary '¬\í\0sr\0org.quartz.JobDataMapŸ°ƒè¿©°\Ë\0\0xr\0&org.quartz.utils.StringKeyDirtyFlagMap‚\è\Ãû\Å](\0Z\0allowsTransientDataxr\0org.quartz.utils.DirtyFlagMap\æ.­(v\n\Î\0Z\0dirtyL\0mapt\0Ljava/util/Map;xpsr\0java.util.HashMap\ÚÁ\Ã`\Ñ\0F\0\nloadFactorI\0	thresholdxp?@\0\0\0\0\0w\0\0\0\0\0\0t\0TASK_PROPERTIESsr\0\"xin.altitude.cms.job.domain.SysJobƒiÁ8\Ä{\0L\0\nconcurrentt\0Ljava/lang/String;L\0cronExpressionq\0~\0	L\0invokeTargetq\0~\0	L\0jobGroupq\0~\0	L\0jobIdt\0Ljava/lang/Long;L\0jobNameq\0~\0	L\0\rmisfirePolicyq\0~\0	L\0statusq\0~\0	xr\0)xin.altitude.cms.common.entity.BaseEntity\0\0\0\0\0\0\0\0L\0\ncreateTimet\0Ljava/time/LocalDateTime;L\0deletedt\0Ljava/lang/Boolean;L\0\nupdateTimeq\0~\0xpsr\0\rjava.time.Ser•]„º\"H²\0\0xpw\n\0\0\å	9\Çxsr\0java.lang.Boolean\Í r€Õœú\î\0Z\0valuexp\0sq\0~\0w\n\0\0\æ\êxt\01t\00/15 * * * * ?t\0cmsTask.oneParams(\'ry\')t\0DEFAULTsr\0java.lang.Long;‹\äÌ#\ß\0J\0valuexr\0java.lang.Number†¬•”\à‹\0\0xp\0\0\0\0\0\0\0t\0ç³»ç»Ÿé»˜è®¤ï¼ˆæœ‰å‚ï¼‰t\03t\01x\0'),('UCodeCmsScheduler','TASK_CLASS_NAME3','DEFAULT',NULL,'xin.altitude.cms.job.util.QuartzDisallowConcurrentExecution','0','1','0','0',_binary '¬\í\0sr\0org.quartz.JobDataMapŸ°ƒè¿©°\Ë\0\0xr\0&org.quartz.utils.StringKeyDirtyFlagMap‚\è\Ãû\Å](\0Z\0allowsTransientDataxr\0org.quartz.utils.DirtyFlagMap\æ.­(v\n\Î\0Z\0dirtyL\0mapt\0Ljava/util/Map;xpsr\0java.util.HashMap\ÚÁ\Ã`\Ñ\0F\0\nloadFactorI\0	thresholdxp?@\0\0\0\0\0w\0\0\0\0\0\0t\0TASK_PROPERTIESsr\0\"xin.altitude.cms.job.domain.SysJobƒiÁ8\Ä{\0L\0\nconcurrentt\0Ljava/lang/String;L\0cronExpressionq\0~\0	L\0invokeTargetq\0~\0	L\0jobGroupq\0~\0	L\0jobIdt\0Ljava/lang/Long;L\0jobNameq\0~\0	L\0\rmisfirePolicyq\0~\0	L\0statusq\0~\0	xr\0)xin.altitude.cms.common.entity.BaseEntity\0\0\0\0\0\0\0\0L\0\ncreateTimet\0Ljava/time/LocalDateTime;L\0deletedt\0Ljava/lang/Boolean;L\0\nupdateTimeq\0~\0xpsr\0\rjava.time.Ser•]„º\"H²\0\0xpw\n\0\0\å	9\Çxsr\0java.lang.Boolean\Í r€Õœú\î\0Z\0valuexp\0sq\0~\0w\n\0\0\æ\öxt\01t\00/20 * * * * ?t\03cmsTask.mutiParams(\'ry\', true, 2000L, 316.50D, 100)t\0DEFAULTsr\0java.lang.Long;‹\äÌ#\ß\0J\0valuexr\0java.lang.Number†¬•”\à‹\0\0xp\0\0\0\0\0\0\0t\0ç³»ç»Ÿé»˜è®¤ï¼ˆå¤šå‚ï¼‰t\03t\01x\0'),('UCodeCmsScheduler','TASK_CLASS_NAME4','DEFAULT',NULL,'xin.altitude.cms.job.util.QuartzDisallowConcurrentExecution','0','1','0','0',_binary '¬\í\0sr\0org.quartz.JobDataMapŸ°ƒè¿©°\Ë\0\0xr\0&org.quartz.utils.StringKeyDirtyFlagMap‚\è\Ãû\Å](\0Z\0allowsTransientDataxr\0org.quartz.utils.DirtyFlagMap\æ.­(v\n\Î\0Z\0dirtyL\0mapt\0Ljava/util/Map;xpsr\0java.util.HashMap\ÚÁ\Ã`\Ñ\0F\0\nloadFactorI\0	thresholdxp?@\0\0\0\0\0w\0\0\0\0\0\0t\0TASK_PROPERTIESsr\0\"xin.altitude.cms.job.domain.SysJobƒiÁ8\Ä{\0L\0\nconcurrentt\0Ljava/lang/String;L\0cronExpressionq\0~\0	L\0invokeTargetq\0~\0	L\0jobGroupq\0~\0	L\0jobIdt\0Ljava/lang/Long;L\0jobNameq\0~\0	L\0\rmisfirePolicyq\0~\0	L\0statusq\0~\0	xr\0)xin.altitude.cms.common.entity.BaseEntity\0\0\0\0\0\0\0\0L\0\ncreateTimet\0Ljava/time/LocalDateTime;L\0deletedt\0Ljava/lang/Boolean;L\0\nupdateTimeq\0~\0xpsr\0\rjava.time.Ser•]„º\"H²\0\0xpw\n\0\0\æ\n\Öxsr\0java.lang.Boolean\Í r€Õœú\î\0Z\0valuexp\0sq\0~\0w\n\0\0\æ	\Øxt\01t\0* * * * * ?t\0cmsTask.oneParams(\'ry\')t\0DEFAULTsr\0java.lang.Long;‹\äÌ#\ß\0J\0valuexr\0java.lang.Number†¬•”\à‹\0\0xp\0\0\0\0\0\0\0t\0æ¯åˆ†é’Ÿæ›´æ–°æ•°æ®t\03t\01x\0');
/*!40000 ALTER TABLE `qrtz_job_details` ENABLE KEYS */;
UNLOCK TABLES;

--
-- Table structure for table `qrtz_locks`
--

DROP TABLE IF EXISTS `qrtz_locks`;
/*!40101 SET @saved_cs_client     = @@character_set_client */;
/*!50503 SET character_set_client = utf8mb4 */;
CREATE TABLE `qrtz_locks` (
  `sched_name` varchar(120) NOT NULL COMMENT 'è°ƒåº¦åç§°',
  `lock_name` varchar(40) NOT NULL COMMENT 'æ‚²è§‚é”åç§°',
  PRIMARY KEY (`sched_name`,`lock_name`)
) ENGINE=InnoDB DEFAULT CHARSET=utf8 COMMENT='å­˜å‚¨çš„æ‚²è§‚é”ä¿¡æ¯è¡¨';
/*!40101 SET character_set_client = @saved_cs_client */;

--
-- Dumping data for table `qrtz_locks`
--

LOCK TABLES `qrtz_locks` WRITE;
/*!40000 ALTER TABLE `qrtz_locks` DISABLE KEYS */;
INSERT INTO `qrtz_locks` VALUES ('UCodeCmsScheduler','STATE_ACCESS'),('UCodeCmsScheduler','TRIGGER_ACCESS');
/*!40000 ALTER TABLE `qrtz_locks` ENABLE KEYS */;
UNLOCK TABLES;

--
-- Table structure for table `qrtz_paused_trigger_grps`
--

DROP TABLE IF EXISTS `qrtz_paused_trigger_grps`;
/*!40101 SET @saved_cs_client     = @@character_set_client */;
/*!50503 SET character_set_client = utf8mb4 */;
CREATE TABLE `qrtz_paused_trigger_grps` (
  `sched_name` varchar(120) NOT NULL COMMENT 'è°ƒåº¦åç§°',
  `trigger_group` varchar(200) NOT NULL COMMENT 'qrtz_triggersè¡¨trigger_groupçš„å¤–é”®',
  PRIMARY KEY (`sched_name`,`trigger_group`)
) ENGINE=InnoDB DEFAULT CHARSET=utf8 COMMENT='æš‚åœçš„è§¦å‘å™¨è¡¨';
/*!40101 SET character_set_client = @saved_cs_client */;

--
-- Dumping data for table `qrtz_paused_trigger_grps`
--

LOCK TABLES `qrtz_paused_trigger_grps` WRITE;
/*!40000 ALTER TABLE `qrtz_paused_trigger_grps` DISABLE KEYS */;
/*!40000 ALTER TABLE `qrtz_paused_trigger_grps` ENABLE KEYS */;
UNLOCK TABLES;

--
-- Table structure for table `qrtz_scheduler_state`
--

DROP TABLE IF EXISTS `qrtz_scheduler_state`;
/*!40101 SET @saved_cs_client     = @@character_set_client */;
/*!50503 SET character_set_client = utf8mb4 */;
CREATE TABLE `qrtz_scheduler_state` (
  `sched_name` varchar(120) NOT NULL COMMENT 'è°ƒåº¦åç§°',
  `instance_name` varchar(200) NOT NULL COMMENT 'å®ä¾‹åç§°',
  `last_checkin_time` bigint(13) NOT NULL COMMENT 'ä¸Šæ¬¡æ£€æŸ¥æ—¶é—´',
  `checkin_interval` bigint(13) NOT NULL COMMENT 'æ£€æŸ¥é—´éš”æ—¶é—´',
  PRIMARY KEY (`sched_name`,`instance_name`)
) ENGINE=InnoDB DEFAULT CHARSET=utf8 COMMENT='è°ƒåº¦å™¨çŠ¶æ€è¡¨';
/*!40101 SET character_set_client = @saved_cs_client */;

--
-- Dumping data for table `qrtz_scheduler_state`
--

LOCK TABLES `qrtz_scheduler_state` WRITE;
/*!40000 ALTER TABLE `qrtz_scheduler_state` DISABLE KEYS */;
INSERT INTO `qrtz_scheduler_state` VALUES ('UCodeCmsScheduler','H1641984751165',1641984874184,15000);
/*!40000 ALTER TABLE `qrtz_scheduler_state` ENABLE KEYS */;
UNLOCK TABLES;

--
-- Table structure for table `qrtz_simple_triggers`
--

DROP TABLE IF EXISTS `qrtz_simple_triggers`;
/*!40101 SET @saved_cs_client     = @@character_set_client */;
/*!50503 SET character_set_client = utf8mb4 */;
CREATE TABLE `qrtz_simple_triggers` (
  `sched_name` varchar(120) NOT NULL COMMENT 'è°ƒåº¦åç§°',
  `trigger_name` varchar(200) NOT NULL COMMENT 'qrtz_triggersè¡¨trigger_nameçš„å¤–é”®',
  `trigger_group` varchar(200) NOT NULL COMMENT 'qrtz_triggersè¡¨trigger_groupçš„å¤–é”®',
  `repeat_count` bigint(7) NOT NULL COMMENT 'é‡å¤çš„æ¬¡æ•°ç»Ÿè®¡',
  `repeat_interval` bigint(12) NOT NULL COMMENT 'é‡å¤çš„é—´éš”æ—¶é—´',
  `times_triggered` bigint(10) NOT NULL COMMENT 'å·²ç»è§¦å‘çš„æ¬¡æ•°',
  PRIMARY KEY (`sched_name`,`trigger_name`,`trigger_group`),
  CONSTRAINT `qrtz_simple_triggers_ibfk_1` FOREIGN KEY (`sched_name`, `trigger_name`, `trigger_group`) REFERENCES `qrtz_triggers` (`sched_name`, `trigger_name`, `trigger_group`) ON DELETE CASCADE ON UPDATE CASCADE
) ENGINE=InnoDB DEFAULT CHARSET=utf8 COMMENT='ç®€å•è§¦å‘å™¨çš„ä¿¡æ¯è¡¨';
/*!40101 SET character_set_client = @saved_cs_client */;

--
-- Dumping data for table `qrtz_simple_triggers`
--

LOCK TABLES `qrtz_simple_triggers` WRITE;
/*!40000 ALTER TABLE `qrtz_simple_triggers` DISABLE KEYS */;
/*!40000 ALTER TABLE `qrtz_simple_triggers` ENABLE KEYS */;
UNLOCK TABLES;

--
-- Table structure for table `qrtz_simprop_triggers`
--

DROP TABLE IF EXISTS `qrtz_simprop_triggers`;
/*!40101 SET @saved_cs_client     = @@character_set_client */;
/*!50503 SET character_set_client = utf8mb4 */;
CREATE TABLE `qrtz_simprop_triggers` (
  `sched_name` varchar(120) NOT NULL COMMENT 'è°ƒåº¦åç§°',
  `trigger_name` varchar(200) NOT NULL COMMENT 'qrtz_triggersè¡¨trigger_nameçš„å¤–é”®',
  `trigger_group` varchar(200) NOT NULL COMMENT 'qrtz_triggersè¡¨trigger_groupçš„å¤–é”®',
  `str_prop_1` varchar(512) DEFAULT NULL COMMENT 'Stringç±»å‹çš„triggerçš„ç¬¬ä¸€ä¸ªå‚æ•°',
  `str_prop_2` varchar(512) DEFAULT NULL COMMENT 'Stringç±»å‹çš„triggerçš„ç¬¬äºŒä¸ªå‚æ•°',
  `str_prop_3` varchar(512) DEFAULT NULL COMMENT 'Stringç±»å‹çš„triggerçš„ç¬¬ä¸‰ä¸ªå‚æ•°',
  `int_prop_1` int(11) DEFAULT NULL COMMENT 'intç±»å‹çš„triggerçš„ç¬¬ä¸€ä¸ªå‚æ•°',
  `int_prop_2` int(11) DEFAULT NULL COMMENT 'intç±»å‹çš„triggerçš„ç¬¬äºŒä¸ªå‚æ•°',
  `long_prop_1` bigint(20) DEFAULT NULL COMMENT 'longç±»å‹çš„triggerçš„ç¬¬ä¸€ä¸ªå‚æ•°',
  `long_prop_2` bigint(20) DEFAULT NULL COMMENT 'longç±»å‹çš„triggerçš„ç¬¬äºŒä¸ªå‚æ•°',
  `dec_prop_1` decimal(13,4) DEFAULT NULL COMMENT 'decimalç±»å‹çš„triggerçš„ç¬¬ä¸€ä¸ªå‚æ•°',
  `dec_prop_2` decimal(13,4) DEFAULT NULL COMMENT 'decimalç±»å‹çš„triggerçš„ç¬¬äºŒä¸ªå‚æ•°',
  `bool_prop_1` varchar(1) DEFAULT NULL COMMENT 'Booleanç±»å‹çš„triggerçš„ç¬¬ä¸€ä¸ªå‚æ•°',
  `bool_prop_2` varchar(1) DEFAULT NULL COMMENT 'Booleanç±»å‹çš„triggerçš„ç¬¬äºŒä¸ªå‚æ•°',
  PRIMARY KEY (`sched_name`,`trigger_name`,`trigger_group`),
  CONSTRAINT `qrtz_simprop_triggers_ibfk_1` FOREIGN KEY (`sched_name`, `trigger_name`, `trigger_group`) REFERENCES `qrtz_triggers` (`sched_name`, `trigger_name`, `trigger_group`) ON DELETE CASCADE ON UPDATE CASCADE
) ENGINE=InnoDB DEFAULT CHARSET=utf8 COMMENT='åŒæ­¥æœºåˆ¶çš„è¡Œé”è¡¨';
/*!40101 SET character_set_client = @saved_cs_client */;

--
-- Dumping data for table `qrtz_simprop_triggers`
--

LOCK TABLES `qrtz_simprop_triggers` WRITE;
/*!40000 ALTER TABLE `qrtz_simprop_triggers` DISABLE KEYS */;
/*!40000 ALTER TABLE `qrtz_simprop_triggers` ENABLE KEYS */;
UNLOCK TABLES;

--
-- Table structure for table `qrtz_sys_job`
--

DROP TABLE IF EXISTS `qrtz_sys_job`;
/*!40101 SET @saved_cs_client     = @@character_set_client */;
/*!50503 SET character_set_client = utf8mb4 */;
CREATE TABLE `qrtz_sys_job` (
  `job_id` bigint(20) unsigned NOT NULL AUTO_INCREMENT COMMENT 'ä»»åŠ¡ID',
  `job_name` varchar(64) NOT NULL DEFAULT '' COMMENT 'ä»»åŠ¡åç§°',
  `job_group` varchar(64) NOT NULL DEFAULT 'DEFAULT' COMMENT 'ä»»åŠ¡ç»„å',
  `invoke_target` varchar(500) NOT NULL COMMENT 'è°ƒç”¨ç›®æ ‡å­—ç¬¦ä¸²',
  `cron_expression` varchar(255) DEFAULT '' COMMENT 'cronæ‰§è¡Œè¡¨è¾¾å¼',
  `misfire_policy` varchar(20) DEFAULT '3' COMMENT 'è®¡åˆ’æ‰§è¡Œé”™è¯¯ç­–ç•¥ï¼ˆ1ç«‹å³æ‰§è¡Œ 2æ‰§è¡Œä¸€æ¬¡ 3æ”¾å¼ƒæ‰§è¡Œï¼‰',
  `concurrent` char(1) DEFAULT '1' COMMENT 'æ˜¯å¦å¹¶å‘æ‰§è¡Œï¼ˆ0å…è®¸ 1ç¦æ­¢ï¼‰',
  `status` char(1) DEFAULT '0' COMMENT 'çŠ¶æ€ï¼ˆ0æ­£å¸¸ 1æš‚åœï¼‰',
  `create_by` varchar(64) DEFAULT '' COMMENT 'åˆ›å»ºè€…',
  `create_time` datetime DEFAULT CURRENT_TIMESTAMP COMMENT 'åˆ›å»ºæ—¶é—´',
  `update_by` varchar(64) DEFAULT '' COMMENT 'æ›´æ–°è€…',
  `update_time` datetime DEFAULT NULL ON UPDATE CURRENT_TIMESTAMP COMMENT 'æ›´æ–°æ—¶é—´',
  `remark` varchar(500) DEFAULT '' COMMENT 'å¤‡æ³¨ä¿¡æ¯',
  `deleted` int(11) DEFAULT '0' COMMENT 'é€»è¾‘åˆ é™¤',
  PRIMARY KEY (`job_id`)
) ENGINE=InnoDB AUTO_INCREMENT=5 DEFAULT CHARSET=utf8 COMMENT='å®šæ—¶ä»»åŠ¡è°ƒåº¦è¡¨';
/*!40101 SET character_set_client = @saved_cs_client */;

--
-- Dumping data for table `qrtz_sys_job`
--

LOCK TABLES `qrtz_sys_job` WRITE;
/*!40000 ALTER TABLE `qrtz_sys_job` DISABLE KEYS */;
INSERT INTO `qrtz_sys_job` VALUES (1,'ç³»ç»Ÿé»˜è®¤ï¼ˆæ— å‚ï¼‰','DEFAULT','cmsTask.noParams','* * * * * ?','3','1','1','admin','2021-11-22 09:57:56','','2022-01-12 16:27:29','',0),(2,'ç³»ç»Ÿé»˜è®¤ï¼ˆæœ‰å‚ï¼‰','DEFAULT','cmsTask.oneParams(\'ry\')','0/15 * * * * ?','3','1','1','admin','2021-11-22 09:57:56','','2022-01-12 16:23:21','',0),(3,'ç³»ç»Ÿé»˜è®¤ï¼ˆå¤šå‚ï¼‰','DEFAULT','cmsTask.mutiParams(\'ry\', true, 2000L, 316.50D, 100)','0/20 * * * * ?','3','1','1','admin','2021-11-22 09:57:56','','2022-01-12 16:23:09','',0),(4,'æ¯åˆ†é’Ÿæ›´æ–°æ•°æ®','DEFAULT','cmsTask.oneParams(\'ry\')','* * * * * ?','3','1','1','','2022-01-12 15:10:41','','2022-01-12 17:09:39','',0);
/*!40000 ALTER TABLE `qrtz_sys_job` ENABLE KEYS */;
UNLOCK TABLES;

--
-- Table structure for table `qrtz_sys_job_log`
--

DROP TABLE IF EXISTS `qrtz_sys_job_log`;
/*!40101 SET @saved_cs_client     = @@character_set_client */;
/*!50503 SET character_set_client = utf8mb4 */;
CREATE TABLE `qrtz_sys_job_log` (
  `job_log_id` bigint(20) NOT NULL AUTO_INCREMENT COMMENT 'ä»»åŠ¡æ—¥å¿—ID',
  `job_name` varchar(64) NOT NULL COMMENT 'ä»»åŠ¡åç§°',
  `job_group` varchar(64) NOT NULL COMMENT 'ä»»åŠ¡ç»„å',
  `invoke_target` varchar(500) NOT NULL COMMENT 'è°ƒç”¨ç›®æ ‡å­—ç¬¦ä¸²',
  `job_message` varchar(500) DEFAULT NULL COMMENT 'æ—¥å¿—ä¿¡æ¯',
  `status` char(1) DEFAULT '0' COMMENT 'æ‰§è¡ŒçŠ¶æ€ï¼ˆ0æ­£å¸¸ 1å¤±è´¥ï¼‰',
  `exception_info` varchar(2000) DEFAULT '' COMMENT 'å¼‚å¸¸ä¿¡æ¯',
  `start_time` datetime DEFAULT CURRENT_TIMESTAMP COMMENT 'å¼€å§‹æ—¶é—´',
  `stop_time` datetime DEFAULT CURRENT_TIMESTAMP COMMENT 'ç»“æŸæ—¶é—´',
  `create_time` datetime DEFAULT CURRENT_TIMESTAMP COMMENT 'åˆ›å»ºæ—¶é—´',
  `update_time` datetime DEFAULT NULL ON UPDATE CURRENT_TIMESTAMP COMMENT 'æ›´æ–°æ—¶é—´',
  `deleted` int(11) DEFAULT '0' COMMENT 'é€»è¾‘åˆ é™¤',
  PRIMARY KEY (`job_log_id`)
) ENGINE=InnoDB AUTO_INCREMENT=224 DEFAULT CHARSET=utf8 COMMENT='å®šæ—¶ä»»åŠ¡è°ƒåº¦æ—¥å¿—è¡¨';
/*!40101 SET character_set_client = @saved_cs_client */;

--
-- Dumping data for table `qrtz_sys_job_log`
--

LOCK TABLES `qrtz_sys_job_log` WRITE;
/*!40000 ALTER TABLE `qrtz_sys_job_log` DISABLE KEYS */;
INSERT INTO `qrtz_sys_job_log` VALUES (174,'æ¯ç§’æ›´æ–°æ•°æ®','DEFAULT','cmsTask.oneParams(\'ry\')','æ¯ç§’æ›´æ–°æ•°æ® æ€»å…±è€—æ—¶ï¼š1æ¯«ç§’','0','','2022-01-12 16:30:11','2022-01-12 16:30:11','2022-01-12 16:30:10',NULL,0),(175,'æ¯ç§’æ›´æ–°æ•°æ®','DEFAULT','cmsTask.oneParams(\'ry\')','æ¯ç§’æ›´æ–°æ•°æ® æ€»å…±è€—æ—¶ï¼š0æ¯«ç§’','0','','2022-01-12 16:30:11','2022-01-12 16:30:11','2022-01-12 16:30:10',NULL,0),(176,'æ¯ç§’æ›´æ–°æ•°æ®','DEFAULT','cmsTask.oneParams(\'ry\')','æ¯ç§’æ›´æ–°æ•°æ® æ€»å…±è€—æ—¶ï¼š0æ¯«ç§’','0','','2022-01-12 16:30:11','2022-01-12 16:30:11','2022-01-12 16:30:11',NULL,0),(177,'æ¯ç§’æ›´æ–°æ•°æ®','DEFAULT','cmsTask.oneParams(\'ry\')','æ¯ç§’æ›´æ–°æ•°æ® æ€»å…±è€—æ—¶ï¼š0æ¯«ç§’','0','','2022-01-12 16:30:11','2022-01-12 16:30:11','2022-01-12 16:30:11',NULL,0),(178,'æ¯ç§’æ›´æ–°æ•°æ®','DEFAULT','cmsTask.oneParams(\'ry\')','æ¯ç§’æ›´æ–°æ•°æ® æ€»å…±è€—æ—¶ï¼š0æ¯«ç§’','0','','2022-01-12 16:30:12','2022-01-12 16:30:12','2022-01-12 16:30:12',NULL,0),(179,'æ¯ç§’æ›´æ–°æ•°æ®','DEFAULT','cmsTask.oneParams(\'ry\')','æ¯ç§’æ›´æ–°æ•°æ® æ€»å…±è€—æ—¶ï¼š0æ¯«ç§’','0','','2022-01-12 16:30:13','2022-01-12 16:30:13','2022-01-12 16:30:13',NULL,0),(180,'æ¯ç§’æ›´æ–°æ•°æ®','DEFAULT','cmsTask.oneParams(\'ry\')','æ¯ç§’æ›´æ–°æ•°æ® æ€»å…±è€—æ—¶ï¼š0æ¯«ç§’','0','','2022-01-12 16:30:14','2022-01-12 16:30:14','2022-01-12 16:30:14',NULL,0),(181,'æ¯ç§’æ›´æ–°æ•°æ®','DEFAULT','cmsTask.oneParams(\'ry\')','æ¯ç§’æ›´æ–°æ•°æ® æ€»å…±è€—æ—¶ï¼š0æ¯«ç§’','0','','2022-01-12 16:30:15','2022-01-12 16:30:15','2022-01-12 16:30:15',NULL,0),(182,'æ¯ç§’æ›´æ–°æ•°æ®','DEFAULT','cmsTask.oneParams(\'ry\')','æ¯ç§’æ›´æ–°æ•°æ® æ€»å…±è€—æ—¶ï¼š1æ¯«ç§’','0','','2022-01-12 16:30:16','2022-01-12 16:30:16','2022-01-12 16:30:16',NULL,0),(183,'æ¯ç§’æ›´æ–°æ•°æ®','DEFAULT','cmsTask.oneParams(\'ry\')','æ¯ç§’æ›´æ–°æ•°æ® æ€»å…±è€—æ—¶ï¼š0æ¯«ç§’','0','','2022-01-12 16:30:17','2022-01-12 16:30:17','2022-01-12 16:30:17',NULL,0),(184,'æ¯ç§’æ›´æ–°æ•°æ®','DEFAULT','cmsTask.oneParams(\'ry\')','æ¯ç§’æ›´æ–°æ•°æ® æ€»å…±è€—æ—¶ï¼š0æ¯«ç§’','0','','2022-01-12 16:30:18','2022-01-12 16:30:18','2022-01-12 16:30:18',NULL,0),(185,'æ¯ç§’æ›´æ–°æ•°æ®','DEFAULT','cmsTask.oneParams(\'ry\')','æ¯ç§’æ›´æ–°æ•°æ® æ€»å…±è€—æ—¶ï¼š0æ¯«ç§’','0','','2022-01-12 16:30:19','2022-01-12 16:30:19','2022-01-12 16:30:19',NULL,0),(186,'æ¯ç§’æ›´æ–°æ•°æ®','DEFAULT','cmsTask.oneParams(\'ry\')','æ¯ç§’æ›´æ–°æ•°æ® æ€»å…±è€—æ—¶ï¼š0æ¯«ç§’','0','','2022-01-12 16:30:20','2022-01-12 16:30:20','2022-01-12 16:30:20',NULL,0),(187,'æ¯ç§’æ›´æ–°æ•°æ®','DEFAULT','cmsTask.oneParams(\'ry\')','æ¯ç§’æ›´æ–°æ•°æ® æ€»å…±è€—æ—¶ï¼š0æ¯«ç§’','0','','2022-01-12 16:30:21','2022-01-12 16:30:21','2022-01-12 16:30:21',NULL,0),(188,'æ¯ç§’æ›´æ–°æ•°æ®','DEFAULT','cmsTask.oneParams(\'ry\')','æ¯ç§’æ›´æ–°æ•°æ® æ€»å…±è€—æ—¶ï¼š0æ¯«ç§’','0','','2022-01-12 16:30:22','2022-01-12 16:30:22','2022-01-12 16:30:22',NULL,0),(189,'æ¯ç§’æ›´æ–°æ•°æ®','DEFAULT','cmsTask.oneParams(\'ry\')','æ¯ç§’æ›´æ–°æ•°æ® æ€»å…±è€—æ—¶ï¼š0æ¯«ç§’','0','','2022-01-12 16:30:23','2022-01-12 16:30:23','2022-01-12 16:30:23',NULL,0),(190,'æ¯ç§’æ›´æ–°æ•°æ®','DEFAULT','cmsTask.oneParams(\'ry\')','æ¯ç§’æ›´æ–°æ•°æ® æ€»å…±è€—æ—¶ï¼š0æ¯«ç§’','0','','2022-01-12 16:30:24','2022-01-12 16:30:24','2022-01-12 16:30:24',NULL,0),(191,'æ¯ç§’æ›´æ–°æ•°æ®','DEFAULT','cmsTask.oneParams(\'ry\')','æ¯ç§’æ›´æ–°æ•°æ® æ€»å…±è€—æ—¶ï¼š0æ¯«ç§’','0','','2022-01-12 16:30:25','2022-01-12 16:30:25','2022-01-12 16:30:25',NULL,0),(192,'æ¯ç§’æ›´æ–°æ•°æ®','DEFAULT','cmsTask.oneParams(\'ry\')','æ¯ç§’æ›´æ–°æ•°æ® æ€»å…±è€—æ—¶ï¼š1æ¯«ç§’','0','','2022-01-12 16:30:26','2022-01-12 16:30:26','2022-01-12 16:30:26',NULL,0),(193,'æ¯ç§’æ›´æ–°æ•°æ®','DEFAULT','cmsTask.oneParams(\'ry\')','æ¯ç§’æ›´æ–°æ•°æ® æ€»å…±è€—æ—¶ï¼š0æ¯«ç§’','0','','2022-01-12 16:30:27','2022-01-12 16:30:27','2022-01-12 16:30:27',NULL,0),(194,'æ¯ç§’æ›´æ–°æ•°æ®','DEFAULT','cmsTask.oneParams(\'ry\')','æ¯ç§’æ›´æ–°æ•°æ® æ€»å…±è€—æ—¶ï¼š0æ¯«ç§’','0','','2022-01-12 16:30:28','2022-01-12 16:30:28','2022-01-12 16:30:28',NULL,0),(195,'æ¯ç§’æ›´æ–°æ•°æ®','DEFAULT','cmsTask.oneParams(\'ry\')','æ¯ç§’æ›´æ–°æ•°æ® æ€»å…±è€—æ—¶ï¼š2æ¯«ç§’','0','','2022-01-12 16:49:49','2022-01-12 16:49:49','2022-01-12 16:49:49',NULL,0),(196,'æ¯ç§’æ›´æ–°æ•°æ®','DEFAULT','cmsTask.oneParams(\'ry\')','æ¯ç§’æ›´æ–°æ•°æ® æ€»å…±è€—æ—¶ï¼š0æ¯«ç§’','0','','2022-01-12 16:49:50','2022-01-12 16:49:50','2022-01-12 16:49:50',NULL,0),(197,'æ¯ç§’æ›´æ–°æ•°æ®','DEFAULT','cmsTask.oneParams(\'ry\')','æ¯ç§’æ›´æ–°æ•°æ® æ€»å…±è€—æ—¶ï¼š0æ¯«ç§’','0','','2022-01-12 16:49:51','2022-01-12 16:49:51','2022-01-12 16:49:51',NULL,0),(198,'æ¯ç§’æ›´æ–°æ•°æ®','DEFAULT','cmsTask.oneParams(\'ry\')','æ¯ç§’æ›´æ–°æ•°æ® æ€»å…±è€—æ—¶ï¼š0æ¯«ç§’','0','','2022-01-12 16:49:52','2022-01-12 16:49:52','2022-01-12 16:49:52',NULL,0),(199,'æ¯ç§’æ›´æ–°æ•°æ®','DEFAULT','cmsTask.oneParams(\'ry\')','æ¯ç§’æ›´æ–°æ•°æ® æ€»å…±è€—æ—¶ï¼š0æ¯«ç§’','0','','2022-01-12 16:49:53','2022-01-12 16:49:53','2022-01-12 16:49:53',NULL,0),(200,'æ¯ç§’æ›´æ–°æ•°æ®','DEFAULT','cmsTask.oneParams(\'ry\')','æ¯ç§’æ›´æ–°æ•°æ® æ€»å…±è€—æ—¶ï¼š1æ¯«ç§’','0','','2022-01-12 16:49:54','2022-01-12 16:49:54','2022-01-12 16:49:54',NULL,0),(201,'æ¯ç§’æ›´æ–°æ•°æ®','DEFAULT','cmsTask.oneParams(\'ry\')','æ¯ç§’æ›´æ–°æ•°æ® æ€»å…±è€—æ—¶ï¼š0æ¯«ç§’','0','','2022-01-12 16:49:55','2022-01-12 16:49:55','2022-01-12 16:49:55',NULL,0),(202,'æ¯ç§’æ›´æ–°æ•°æ®','DEFAULT','cmsTask.oneParams(\'ry\')','æ¯ç§’æ›´æ–°æ•°æ® æ€»å…±è€—æ—¶ï¼š0æ¯«ç§’','0','','2022-01-12 16:49:56','2022-01-12 16:49:56','2022-01-12 16:49:56',NULL,0),(203,'æ¯ç§’æ›´æ–°æ•°æ®','DEFAULT','cmsTask.oneParams(\'ry\')','æ¯ç§’æ›´æ–°æ•°æ® æ€»å…±è€—æ—¶ï¼š0æ¯«ç§’','0','','2022-01-12 16:49:57','2022-01-12 16:49:57','2022-01-12 16:49:57',NULL,0),(204,'æ¯ç§’æ›´æ–°æ•°æ®','DEFAULT','cmsTask.oneParams(\'ry\')','æ¯ç§’æ›´æ–°æ•°æ® æ€»å…±è€—æ—¶ï¼š0æ¯«ç§’','0','','2022-01-12 16:49:58','2022-01-12 16:49:58','2022-01-12 16:49:58',NULL,0),(205,'æ¯ç§’æ›´æ–°æ•°æ®','DEFAULT','cmsTask.oneParams(\'ry\')','æ¯ç§’æ›´æ–°æ•°æ® æ€»å…±è€—æ—¶ï¼š0æ¯«ç§’','0','','2022-01-12 16:49:59','2022-01-12 16:49:59','2022-01-12 16:49:59',NULL,0),(206,'æ¯ç§’æ›´æ–°æ•°æ®','DEFAULT','cmsTask.oneParams(\'ry\')','æ¯ç§’æ›´æ–°æ•°æ® æ€»å…±è€—æ—¶ï¼š0æ¯«ç§’','0','','2022-01-12 16:50:00','2022-01-12 16:50:00','2022-01-12 16:50:00',NULL,0),(207,'æ¯ç§’æ›´æ–°æ•°æ®','DEFAULT','cmsTask.oneParams(\'ry\')','æ¯ç§’æ›´æ–°æ•°æ® æ€»å…±è€—æ—¶ï¼š0æ¯«ç§’','0','','2022-01-12 16:50:01','2022-01-12 16:50:01','2022-01-12 16:50:01',NULL,0),(208,'æ¯ç§’æ›´æ–°æ•°æ®','DEFAULT','cmsTask.oneParams(\'ry\')','æ¯ç§’æ›´æ–°æ•°æ® æ€»å…±è€—æ—¶ï¼š1æ¯«ç§’','0','','2022-01-12 17:09:24','2022-01-12 17:09:24','2022-01-12 17:09:24',NULL,0),(209,'æ¯ç§’æ›´æ–°æ•°æ®','DEFAULT','cmsTask.oneParams(\'ry\')','æ¯ç§’æ›´æ–°æ•°æ® æ€»å…±è€—æ—¶ï¼š1æ¯«ç§’','0','','2022-01-12 17:09:25','2022-01-12 17:09:25','2022-01-12 17:09:25',NULL,0),(210,'æ¯ç§’æ›´æ–°æ•°æ®','DEFAULT','cmsTask.oneParams(\'ry\')','æ¯ç§’æ›´æ–°æ•°æ® æ€»å…±è€—æ—¶ï¼š0æ¯«ç§’','0','','2022-01-12 17:09:26','2022-01-12 17:09:26','2022-01-12 17:09:26',NULL,0),(211,'æ¯ç§’æ›´æ–°æ•°æ®','DEFAULT','cmsTask.oneParams(\'ry\')','æ¯ç§’æ›´æ–°æ•°æ® æ€»å…±è€—æ—¶ï¼š0æ¯«ç§’','0','','2022-01-12 17:09:27','2022-01-12 17:09:27','2022-01-12 17:09:27',NULL,0),(212,'æ¯ç§’æ›´æ–°æ•°æ®','DEFAULT','cmsTask.oneParams(\'ry\')','æ¯ç§’æ›´æ–°æ•°æ® æ€»å…±è€—æ—¶ï¼š1æ¯«ç§’','0','','2022-01-12 17:09:28','2022-01-12 17:09:28','2022-01-12 17:09:28',NULL,0),(213,'æ¯ç§’æ›´æ–°æ•°æ®','DEFAULT','cmsTask.oneParams(\'ry\')','æ¯ç§’æ›´æ–°æ•°æ® æ€»å…±è€—æ—¶ï¼š0æ¯«ç§’','0','','2022-01-12 17:09:29','2022-01-12 17:09:29','2022-01-12 17:09:29',NULL,0),(214,'æ¯ç§’æ›´æ–°æ•°æ®','DEFAULT','cmsTask.oneParams(\'ry\')','æ¯ç§’æ›´æ–°æ•°æ® æ€»å…±è€—æ—¶ï¼š0æ¯«ç§’','0','','2022-01-12 17:09:30','2022-01-12 17:09:30','2022-01-12 17:09:30',NULL,0),(215,'æ¯ç§’æ›´æ–°æ•°æ®','DEFAULT','cmsTask.oneParams(\'ry\')','æ¯ç§’æ›´æ–°æ•°æ® æ€»å…±è€—æ—¶ï¼š0æ¯«ç§’','0','','2022-01-12 17:09:31','2022-01-12 17:09:31','2022-01-12 17:09:31',NULL,0),(216,'æ¯ç§’æ›´æ–°æ•°æ®','DEFAULT','cmsTask.oneParams(\'ry\')','æ¯ç§’æ›´æ–°æ•°æ® æ€»å…±è€—æ—¶ï¼š0æ¯«ç§’','0','','2022-01-12 17:09:32','2022-01-12 17:09:32','2022-01-12 17:09:32',NULL,0),(217,'æ¯ç§’æ›´æ–°æ•°æ®','DEFAULT','cmsTask.oneParams(\'ry\')','æ¯ç§’æ›´æ–°æ•°æ® æ€»å…±è€—æ—¶ï¼š0æ¯«ç§’','0','','2022-01-12 17:09:33','2022-01-12 17:09:33','2022-01-12 17:09:33',NULL,0),(218,'æ¯ç§’æ›´æ–°æ•°æ®','DEFAULT','cmsTask.oneParams(\'ry\')','æ¯ç§’æ›´æ–°æ•°æ® æ€»å…±è€—æ—¶ï¼š0æ¯«ç§’','0','','2022-01-12 17:09:34','2022-01-12 17:09:34','2022-01-12 17:09:34',NULL,0),(219,'æ¯ç§’æ›´æ–°æ•°æ®','DEFAULT','cmsTask.oneParams(\'ry\')','æ¯ç§’æ›´æ–°æ•°æ® æ€»å…±è€—æ—¶ï¼š0æ¯«ç§’','0','','2022-01-12 17:09:35','2022-01-12 17:09:35','2022-01-12 17:09:35',NULL,0),(220,'æ¯ç§’æ›´æ–°æ•°æ®','DEFAULT','cmsTask.oneParams(\'ry\')','æ¯ç§’æ›´æ–°æ•°æ® æ€»å…±è€—æ—¶ï¼š0æ¯«ç§’','0','','2022-01-12 17:09:36','2022-01-12 17:09:36','2022-01-12 17:09:36',NULL,0),(221,'æ¯ç§’æ›´æ–°æ•°æ®','DEFAULT','cmsTask.oneParams(\'ry\')','æ¯ç§’æ›´æ–°æ•°æ® æ€»å…±è€—æ—¶ï¼š0æ¯«ç§’','0','','2022-01-12 17:09:37','2022-01-12 17:09:37','2022-01-12 17:09:37',NULL,0),(222,'æ¯ç§’æ›´æ–°æ•°æ®','DEFAULT','cmsTask.oneParams(\'ry\')','æ¯ç§’æ›´æ–°æ•°æ® æ€»å…±è€—æ—¶ï¼š0æ¯«ç§’','0','','2022-01-12 17:09:38','2022-01-12 17:09:38','2022-01-12 17:09:38',NULL,0),(223,'æ¯ç§’æ›´æ–°æ•°æ®','DEFAULT','cmsTask.oneParams(\'ry\')','æ¯ç§’æ›´æ–°æ•°æ® æ€»å…±è€—æ—¶ï¼š1æ¯«ç§’','0','','2022-01-12 17:09:39','2022-01-12 17:09:39','2022-01-12 17:09:39',NULL,0);
/*!40000 ALTER TABLE `qrtz_sys_job_log` ENABLE KEYS */;
UNLOCK TABLES;

--
-- Table structure for table `qrtz_triggers`
--

DROP TABLE IF EXISTS `qrtz_triggers`;
/*!40101 SET @saved_cs_client     = @@character_set_client */;
/*!50503 SET character_set_client = utf8mb4 */;
CREATE TABLE `qrtz_triggers` (
  `sched_name` varchar(120) NOT NULL COMMENT 'è°ƒåº¦åç§°',
  `trigger_name` varchar(200) NOT NULL COMMENT 'è§¦å‘å™¨çš„åå­—',
  `trigger_group` varchar(200) NOT NULL COMMENT 'è§¦å‘å™¨æ‰€å±ç»„çš„åå­—',
  `job_name` varchar(200) NOT NULL COMMENT 'qrtz_job_detailsè¡¨job_nameçš„å¤–é”®',
  `job_group` varchar(200) NOT NULL COMMENT 'qrtz_job_detailsè¡¨job_groupçš„å¤–é”®',
  `description` varchar(250) DEFAULT NULL COMMENT 'ç›¸å…³ä»‹ç»',
  `next_fire_time` bigint(13) DEFAULT NULL COMMENT 'ä¸Šä¸€æ¬¡è§¦å‘æ—¶é—´ï¼ˆæ¯«ç§’ï¼‰',
  `prev_fire_time` bigint(13) DEFAULT NULL COMMENT 'ä¸‹ä¸€æ¬¡è§¦å‘æ—¶é—´ï¼ˆé»˜è®¤ä¸º-1è¡¨ç¤ºä¸è§¦å‘ï¼‰',
  `priority` int(11) DEFAULT NULL COMMENT 'ä¼˜å…ˆçº§',
  `trigger_state` varchar(16) NOT NULL COMMENT 'è§¦å‘å™¨çŠ¶æ€',
  `trigger_type` varchar(8) NOT NULL COMMENT 'è§¦å‘å™¨çš„ç±»å‹',
  `start_time` bigint(13) NOT NULL COMMENT 'å¼€å§‹æ—¶é—´',
  `end_time` bigint(13) DEFAULT NULL COMMENT 'ç»“æŸæ—¶é—´',
  `calendar_name` varchar(200) DEFAULT NULL COMMENT 'æ—¥ç¨‹è¡¨åç§°',
  `misfire_instr` smallint(2) DEFAULT NULL COMMENT 'è¡¥å¿æ‰§è¡Œçš„ç­–ç•¥',
  `job_data` blob COMMENT 'å­˜æ”¾æŒä¹…åŒ–jobå¯¹è±¡',
  PRIMARY KEY (`sched_name`,`trigger_name`,`trigger_group`),
  KEY `qrtz_triggers_ibfk_1` (`sched_name`,`job_name`,`job_group`),
  CONSTRAINT `qrtz_triggers_ibfk_1` FOREIGN KEY (`sched_name`, `job_name`, `job_group`) REFERENCES `qrtz_job_details` (`sched_name`, `job_name`, `job_group`) ON DELETE CASCADE ON UPDATE CASCADE
) ENGINE=InnoDB DEFAULT CHARSET=utf8 COMMENT='è§¦å‘å™¨è¯¦ç»†ä¿¡æ¯è¡¨';
/*!40101 SET character_set_client = @saved_cs_client */;

--
-- Dumping data for table `qrtz_triggers`
--

LOCK TABLES `qrtz_triggers` WRITE;
/*!40000 ALTER TABLE `qrtz_triggers` DISABLE KEYS */;
INSERT INTO `qrtz_triggers` VALUES ('UCodeCmsScheduler','TASK_CLASS_NAME1','DEFAULT','TASK_CLASS_NAME1','DEFAULT',NULL,1641984751000,-1,5,'PAUSED','CRON',1641984751000,0,NULL,2,''),('UCodeCmsScheduler','TASK_CLASS_NAME2','DEFAULT','TASK_CLASS_NAME2','DEFAULT',NULL,1641984765000,-1,5,'PAUSED','CRON',1641984751000,0,NULL,2,''),('UCodeCmsScheduler','TASK_CLASS_NAME3','DEFAULT','TASK_CLASS_NAME3','DEFAULT',NULL,1641984760000,-1,5,'PAUSED','CRON',1641984751000,0,NULL,2,''),('UCodeCmsScheduler','TASK_CLASS_NAME4','DEFAULT','TASK_CLASS_NAME4','DEFAULT',NULL,1641984751000,-1,5,'PAUSED','CRON',1641984751000,0,NULL,2,'');
/*!40000 ALTER TABLE `qrtz_triggers` ENABLE KEYS */;
UNLOCK TABLES;

--
-- Table structure for table `sys_config`
--

DROP TABLE IF EXISTS `sys_config`;
/*!40101 SET @saved_cs_client     = @@character_set_client */;
/*!50503 SET character_set_client = utf8mb4 */;
CREATE TABLE `sys_config` (
  `config_id` int(5) NOT NULL AUTO_INCREMENT COMMENT 'å‚æ•°ä¸»é”®',
  `config_name` varchar(100) DEFAULT '' COMMENT 'å‚æ•°åç§°',
  `config_key` varchar(100) DEFAULT '' COMMENT 'å‚æ•°é”®å',
  `config_value` varchar(500) DEFAULT '' COMMENT 'å‚æ•°é”®å€¼',
  `config_type` char(1) DEFAULT 'N' COMMENT 'ç³»ç»Ÿå†…ç½®ï¼ˆYæ˜¯ Nå¦ï¼‰',
  `create_by` varchar(64) DEFAULT '' COMMENT 'åˆ›å»ºè€…',
  `create_time` datetime DEFAULT CURRENT_TIMESTAMP COMMENT 'åˆ›å»ºæ—¶é—´',
  `update_by` varchar(64) DEFAULT '' COMMENT 'æ›´æ–°è€…',
  `update_time` datetime DEFAULT NULL ON UPDATE CURRENT_TIMESTAMP COMMENT 'æ›´æ–°æ—¶é—´',
  `remark` varchar(500) DEFAULT NULL COMMENT 'å¤‡æ³¨',
  PRIMARY KEY (`config_id`)
) ENGINE=InnoDB AUTO_INCREMENT=6 DEFAULT CHARSET=utf8 COMMENT='å‚æ•°é…ç½®è¡¨';
/*!40101 SET character_set_client = @saved_cs_client */;

--
-- Dumping data for table `sys_config`
--

LOCK TABLES `sys_config` WRITE;
/*!40000 ALTER TABLE `sys_config` DISABLE KEYS */;
INSERT INTO `sys_config` VALUES (1,'ä¸»æ¡†æ¶é¡µ-é»˜è®¤çš®è‚¤æ ·å¼åç§°','sys.index.skinName','skin-blue','Y','admin','2021-11-22 09:57:56','',NULL,'è“è‰² skin-blueã€ç»¿è‰² skin-greenã€ç´«è‰² skin-purpleã€çº¢è‰² skin-redã€é»„è‰² skin-yellow'),(2,'ç”¨æˆ·ç®¡ç†-è´¦å·åˆå§‹å¯†ç ','sys.user.initPassword','123456','Y','admin','2021-11-22 09:57:56','',NULL,'åˆå§‹åŒ–å¯†ç  123456'),(3,'ä¸»æ¡†æ¶é¡µ-ä¾§è¾¹æ ä¸»é¢˜','sys.index.sideTheme','theme-dark','Y','admin','2021-11-22 09:57:56','',NULL,'æ·±è‰²ä¸»é¢˜theme-darkï¼Œæµ…è‰²ä¸»é¢˜theme-light'),(4,'è´¦å·è‡ªåŠ©-éªŒè¯ç å¼€å…³','sys.account.captchaOnOff','true','Y','admin','2021-11-22 09:57:56','',NULL,'æ˜¯å¦å¼€å¯éªŒè¯ç åŠŸèƒ½ï¼ˆtrueå¼€å¯ï¼Œfalseå…³é—­ï¼‰'),(5,'è´¦å·è‡ªåŠ©-æ˜¯å¦å¼€å¯ç”¨æˆ·æ³¨å†ŒåŠŸèƒ½','sys.account.registerUser','false','Y','admin','2021-11-22 09:57:56','',NULL,'æ˜¯å¦å¼€å¯æ³¨å†Œç”¨æˆ·åŠŸèƒ½ï¼ˆtrueå¼€å¯ï¼Œfalseå…³é—­ï¼‰');
/*!40000 ALTER TABLE `sys_config` ENABLE KEYS */;
UNLOCK TABLES;

--
-- Table structure for table `sys_dept`
--

DROP TABLE IF EXISTS `sys_dept`;
/*!40101 SET @saved_cs_client     = @@character_set_client */;
/*!50503 SET character_set_client = utf8mb4 */;
CREATE TABLE `sys_dept` (
  `dept_id` bigint(20) NOT NULL AUTO_INCREMENT COMMENT 'éƒ¨é—¨id',
  `parent_id` bigint(20) DEFAULT '0' COMMENT 'çˆ¶éƒ¨é—¨id',
  `ancestors` varchar(50) DEFAULT '' COMMENT 'ç¥–çº§åˆ—è¡¨',
  `dept_name` varchar(30) DEFAULT '' COMMENT 'éƒ¨é—¨åç§°',
  `order_num` int(4) DEFAULT '0' COMMENT 'æ˜¾ç¤ºé¡ºåº',
  `leader` varchar(20) DEFAULT NULL COMMENT 'è´Ÿè´£äºº',
  `phone` varchar(11) DEFAULT NULL COMMENT 'è”ç³»ç”µè¯',
  `email` varchar(50) DEFAULT NULL COMMENT 'é‚®ç®±',
  `status` char(1) DEFAULT '0' COMMENT 'éƒ¨é—¨çŠ¶æ€ï¼ˆ0æ­£å¸¸ 1åœç”¨ï¼‰',
  `del_flag` char(1) DEFAULT '0' COMMENT 'åˆ é™¤æ ‡å¿—ï¼ˆ0ä»£è¡¨å­˜åœ¨ 2ä»£è¡¨åˆ é™¤ï¼‰',
  `create_by` varchar(64) DEFAULT '' COMMENT 'åˆ›å»ºè€…',
  `create_time` datetime DEFAULT CURRENT_TIMESTAMP COMMENT 'åˆ›å»ºæ—¶é—´',
  `update_by` varchar(64) DEFAULT '' COMMENT 'æ›´æ–°è€…',
  `update_time` datetime DEFAULT NULL ON UPDATE CURRENT_TIMESTAMP COMMENT 'æ›´æ–°æ—¶é—´',
  PRIMARY KEY (`dept_id`)
) ENGINE=InnoDB AUTO_INCREMENT=110 DEFAULT CHARSET=utf8 COMMENT='éƒ¨é—¨è¡¨';
/*!40101 SET character_set_client = @saved_cs_client */;

--
-- Dumping data for table `sys_dept`
--

LOCK TABLES `sys_dept` WRITE;
/*!40000 ALTER TABLE `sys_dept` DISABLE KEYS */;
INSERT INTO `sys_dept` VALUES (100,0,'0','è‹¥ä¾ç§‘æŠ€',0,'è‹¥ä¾','15888888888','ry@qq.com','0','0','admin','2021-11-22 09:57:54','',NULL),(101,100,'0,100','æ·±åœ³æ€»å…¬å¸',1,'è‹¥ä¾','15888888888','ry@qq.com','0','0','admin','2021-11-22 09:57:54','',NULL),(102,100,'0,100','é•¿æ²™åˆ†å…¬å¸',2,'è‹¥ä¾','15888888888','ry@qq.com','0','0','admin','2021-11-22 09:57:54','',NULL),(103,101,'0,100,101','ç ”å‘éƒ¨é—¨',1,'è‹¥ä¾','15888888888','ry@qq.com','0','0','admin','2021-11-22 09:57:54','',NULL),(104,101,'0,100,101','å¸‚åœºéƒ¨é—¨',2,'è‹¥ä¾','15888888888','ry@qq.com','0','0','admin','2021-11-22 09:57:54','',NULL),(105,101,'0,100,101','æµ‹è¯•éƒ¨é—¨',3,'è‹¥ä¾','15888888888','ry@qq.com','0','0','admin','2021-11-22 09:57:54','',NULL),(106,101,'0,100,101','è´¢åŠ¡éƒ¨é—¨',4,'è‹¥ä¾','15888888888','ry@qq.com','0','0','admin','2021-11-22 09:57:54','',NULL),(107,101,'0,100,101','è¿ç»´éƒ¨é—¨',5,'è‹¥ä¾','15888888888','ry@qq.com','0','0','admin','2021-11-22 09:57:54','',NULL),(108,102,'0,100,102','å¸‚åœºéƒ¨é—¨',1,'è‹¥ä¾','15888888888','ry@qq.com','0','0','admin','2021-11-22 09:57:54','',NULL),(109,102,'0,100,102','è´¢åŠ¡éƒ¨é—¨',2,'è‹¥ä¾','15888888888','ry@qq.com','0','0','admin','2021-11-22 09:57:54','',NULL);
/*!40000 ALTER TABLE `sys_dept` ENABLE KEYS */;
UNLOCK TABLES;

--
-- Table structure for table `sys_dict_data`
--

DROP TABLE IF EXISTS `sys_dict_data`;
/*!40101 SET @saved_cs_client     = @@character_set_client */;
/*!50503 SET character_set_client = utf8mb4 */;
CREATE TABLE `sys_dict_data` (
  `dict_code` bigint(20) NOT NULL AUTO_INCREMENT COMMENT 'å­—å…¸ç¼–ç ',
  `dict_sort` int(4) DEFAULT '0' COMMENT 'å­—å…¸æ’åº',
  `dict_label` varchar(100) DEFAULT '' COMMENT 'å­—å…¸æ ‡ç­¾',
  `dict_value` varchar(100) DEFAULT '' COMMENT 'å­—å…¸é”®å€¼',
  `dict_type` varchar(100) DEFAULT '' COMMENT 'å­—å…¸ç±»å‹',
  `css_class` varchar(100) DEFAULT NULL COMMENT 'æ ·å¼å±æ€§ï¼ˆå…¶ä»–æ ·å¼æ‰©å±•ï¼‰',
  `list_class` varchar(100) DEFAULT NULL COMMENT 'è¡¨æ ¼å›æ˜¾æ ·å¼',
  `is_default` char(1) DEFAULT 'N' COMMENT 'æ˜¯å¦é»˜è®¤ï¼ˆYæ˜¯ Nå¦ï¼‰',
  `status` char(1) DEFAULT '0' COMMENT 'çŠ¶æ€ï¼ˆ0æ­£å¸¸ 1åœç”¨ï¼‰',
  `create_by` varchar(64) DEFAULT '' COMMENT 'åˆ›å»ºè€…',
  `create_time` datetime DEFAULT CURRENT_TIMESTAMP COMMENT 'åˆ›å»ºæ—¶é—´',
  `update_by` varchar(64) DEFAULT '' COMMENT 'æ›´æ–°è€…',
  `update_time` datetime DEFAULT NULL ON UPDATE CURRENT_TIMESTAMP COMMENT 'æ›´æ–°æ—¶é—´',
  `remark` varchar(500) DEFAULT NULL COMMENT 'å¤‡æ³¨',
  PRIMARY KEY (`dict_code`)
) ENGINE=InnoDB AUTO_INCREMENT=29 DEFAULT CHARSET=utf8 COMMENT='å­—å…¸æ•°æ®è¡¨';
/*!40101 SET character_set_client = @saved_cs_client */;

--
-- Dumping data for table `sys_dict_data`
--

LOCK TABLES `sys_dict_data` WRITE;
/*!40000 ALTER TABLE `sys_dict_data` DISABLE KEYS */;
INSERT INTO `sys_dict_data` VALUES (1,1,'ç”·','0','sys_user_sex','','','Y','0','admin','2021-11-22 09:57:56','',NULL,'æ€§åˆ«ç”·'),(2,2,'å¥³','1','sys_user_sex','','','N','0','admin','2021-11-22 09:57:56','',NULL,'æ€§åˆ«å¥³'),(3,3,'æœªçŸ¥','2','sys_user_sex','','','N','0','admin','2021-11-22 09:57:56','',NULL,'æ€§åˆ«æœªçŸ¥'),(4,1,'æ˜¾ç¤º','0','sys_show_hide','','primary','Y','0','admin','2021-11-22 09:57:56','',NULL,'æ˜¾ç¤ºèœå•'),(5,2,'éšè—','1','sys_show_hide','','danger','N','0','admin','2021-11-22 09:57:56','',NULL,'éšè—èœå•'),(6,1,'æ­£å¸¸','0','sys_normal_disable','','primary','Y','0','admin','2021-11-22 09:57:56','',NULL,'æ­£å¸¸çŠ¶æ€'),(7,2,'åœç”¨','1','sys_normal_disable','','danger','N','0','admin','2021-11-22 09:57:56','',NULL,'åœç”¨çŠ¶æ€'),(8,1,'æ­£å¸¸','0','sys_job_status','','primary','Y','0','admin','2021-11-22 09:57:56','',NULL,'æ­£å¸¸çŠ¶æ€'),(9,2,'æš‚åœ','1','sys_job_status','','danger','N','0','admin','2021-11-22 09:57:56','',NULL,'åœç”¨çŠ¶æ€'),(10,1,'é»˜è®¤','DEFAULT','sys_job_group','','','Y','0','admin','2021-11-22 09:57:56','',NULL,'é»˜è®¤åˆ†ç»„'),(11,2,'ç³»ç»Ÿ','SYSTEM','sys_job_group','','','N','0','admin','2021-11-22 09:57:56','',NULL,'ç³»ç»Ÿåˆ†ç»„'),(12,1,'æ˜¯','Y','sys_yes_no','','primary','Y','0','admin','2021-11-22 09:57:56','',NULL,'ç³»ç»Ÿé»˜è®¤æ˜¯'),(13,2,'å¦','N','sys_yes_no','','danger','N','0','admin','2021-11-22 09:57:56','',NULL,'ç³»ç»Ÿé»˜è®¤å¦'),(14,1,'é€šçŸ¥','1','sys_notice_type','','warning','Y','0','admin','2021-11-22 09:57:56','',NULL,'é€šçŸ¥'),(15,2,'å…¬å‘Š','2','sys_notice_type','','success','N','0','admin','2021-11-22 09:57:56','',NULL,'å…¬å‘Š'),(16,1,'æ­£å¸¸','0','sys_notice_status','','primary','Y','0','admin','2021-11-22 09:57:56','',NULL,'æ­£å¸¸çŠ¶æ€'),(17,2,'å…³é—­','1','sys_notice_status','','danger','N','0','admin','2021-11-22 09:57:56','',NULL,'å…³é—­çŠ¶æ€'),(18,1,'æ–°å¢','1','sys_oper_type','','info','N','0','admin','2021-11-22 09:57:56','',NULL,'æ–°å¢æ“ä½œ'),(19,2,'ä¿®æ”¹','2','sys_oper_type','','info','N','0','admin','2021-11-22 09:57:56','',NULL,'ä¿®æ”¹æ“ä½œ'),(20,3,'åˆ é™¤','3','sys_oper_type','','danger','N','0','admin','2021-11-22 09:57:56','',NULL,'åˆ é™¤æ“ä½œ'),(21,4,'æˆæƒ','4','sys_oper_type','','primary','N','0','admin','2021-11-22 09:57:56','',NULL,'æˆæƒæ“ä½œ'),(22,5,'å¯¼å‡º','5','sys_oper_type','','warning','N','0','admin','2021-11-22 09:57:56','',NULL,'å¯¼å‡ºæ“ä½œ'),(23,6,'å¯¼å…¥','6','sys_oper_type','','warning','N','0','admin','2021-11-22 09:57:56','',NULL,'å¯¼å…¥æ“ä½œ'),(24,7,'å¼ºé€€','7','sys_oper_type','','danger','N','0','admin','2021-11-22 09:57:56','',NULL,'å¼ºé€€æ“ä½œ'),(25,8,'ç”Ÿæˆä»£ç ','8','sys_oper_type','','warning','N','0','admin','2021-11-22 09:57:56','',NULL,'ç”Ÿæˆæ“ä½œ'),(26,9,'æ¸…ç©ºæ•°æ®','9','sys_oper_type','','danger','N','0','admin','2021-11-22 09:57:56','',NULL,'æ¸…ç©ºæ“ä½œ'),(27,1,'æˆåŠŸ','0','sys_common_status','','primary','N','0','admin','2021-11-22 09:57:56','',NULL,'æ­£å¸¸çŠ¶æ€'),(28,2,'å¤±è´¥','1','sys_common_status','','danger','N','0','admin','2021-11-22 09:57:56','',NULL,'åœç”¨çŠ¶æ€');
/*!40000 ALTER TABLE `sys_dict_data` ENABLE KEYS */;
UNLOCK TABLES;

--
-- Table structure for table `sys_dict_type`
--

DROP TABLE IF EXISTS `sys_dict_type`;
/*!40101 SET @saved_cs_client     = @@character_set_client */;
/*!50503 SET character_set_client = utf8mb4 */;
CREATE TABLE `sys_dict_type` (
  `dict_id` bigint(20) NOT NULL AUTO_INCREMENT COMMENT 'å­—å…¸ä¸»é”®',
  `dict_name` varchar(100) DEFAULT '' COMMENT 'å­—å…¸åç§°',
  `dict_type` varchar(100) DEFAULT '' COMMENT 'å­—å…¸ç±»å‹',
  `status` char(1) DEFAULT '0' COMMENT 'çŠ¶æ€ï¼ˆ0æ­£å¸¸ 1åœç”¨ï¼‰',
  `create_by` varchar(64) DEFAULT '' COMMENT 'åˆ›å»ºè€…',
  `create_time` datetime DEFAULT CURRENT_TIMESTAMP COMMENT 'åˆ›å»ºæ—¶é—´',
  `update_by` varchar(64) DEFAULT '' COMMENT 'æ›´æ–°è€…',
  `update_time` datetime DEFAULT NULL ON UPDATE CURRENT_TIMESTAMP COMMENT 'æ›´æ–°æ—¶é—´',
  `remark` varchar(500) DEFAULT NULL COMMENT 'å¤‡æ³¨',
  PRIMARY KEY (`dict_id`),
  UNIQUE KEY `dict_type` (`dict_type`)
) ENGINE=InnoDB AUTO_INCREMENT=12 DEFAULT CHARSET=utf8 COMMENT='å­—å…¸ç±»å‹è¡¨';
/*!40101 SET character_set_client = @saved_cs_client */;

--
-- Dumping data for table `sys_dict_type`
--

LOCK TABLES `sys_dict_type` WRITE;
/*!40000 ALTER TABLE `sys_dict_type` DISABLE KEYS */;
INSERT INTO `sys_dict_type` VALUES (1,'ç”¨æˆ·æ€§åˆ«','sys_user_sex','0','admin','2021-11-22 09:57:56','',NULL,'ç”¨æˆ·æ€§åˆ«åˆ—è¡¨'),(2,'èœå•çŠ¶æ€','sys_show_hide','0','admin','2021-11-22 09:57:56','',NULL,'èœå•çŠ¶æ€åˆ—è¡¨'),(3,'ç³»ç»Ÿå¼€å…³','sys_normal_disable','0','admin','2021-11-22 09:57:56','',NULL,'ç³»ç»Ÿå¼€å…³åˆ—è¡¨'),(4,'ä»»åŠ¡çŠ¶æ€','sys_job_status','0','admin','2021-11-22 09:57:56','',NULL,'ä»»åŠ¡çŠ¶æ€åˆ—è¡¨'),(5,'ä»»åŠ¡åˆ†ç»„','sys_job_group','0','admin','2021-11-22 09:57:56','',NULL,'ä»»åŠ¡åˆ†ç»„åˆ—è¡¨'),(6,'ç³»ç»Ÿæ˜¯å¦','sys_yes_no','0','admin','2021-11-22 09:57:56','',NULL,'ç³»ç»Ÿæ˜¯å¦åˆ—è¡¨'),(7,'é€šçŸ¥ç±»å‹','sys_notice_type','0','admin','2021-11-22 09:57:56','',NULL,'é€šçŸ¥ç±»å‹åˆ—è¡¨'),(8,'é€šçŸ¥çŠ¶æ€','sys_notice_status','0','admin','2021-11-22 09:57:56','',NULL,'é€šçŸ¥çŠ¶æ€åˆ—è¡¨'),(9,'æ“ä½œç±»å‹','sys_oper_type','0','admin','2021-11-22 09:57:56','',NULL,'æ“ä½œç±»å‹åˆ—è¡¨'),(10,'ç³»ç»ŸçŠ¶æ€','sys_common_status','0','admin','2021-11-22 09:57:56','',NULL,'ç™»å½•çŠ¶æ€åˆ—è¡¨'),(11,'DD','DD','0','admin','2021-12-28 16:52:27','',NULL,'DD');
/*!40000 ALTER TABLE `sys_dict_type` ENABLE KEYS */;
UNLOCK TABLES;

--
-- Table structure for table `sys_logininfor`
--

DROP TABLE IF EXISTS `sys_logininfor`;
/*!40101 SET @saved_cs_client     = @@character_set_client */;
/*!50503 SET character_set_client = utf8mb4 */;
CREATE TABLE `sys_logininfor` (
  `info_id` bigint(20) NOT NULL AUTO_INCREMENT COMMENT 'è®¿é—®ID',
  `user_name` varchar(50) DEFAULT '' COMMENT 'ç”¨æˆ·è´¦å·',
  `ipaddr` varchar(128) DEFAULT '' COMMENT 'ç™»å½•IPåœ°å€',
  `login_location` varchar(255) DEFAULT '' COMMENT 'ç™»å½•åœ°ç‚¹',
  `browser` varchar(50) DEFAULT '' COMMENT 'æµè§ˆå™¨ç±»å‹',
  `os` varchar(50) DEFAULT '' COMMENT 'æ“ä½œç³»ç»Ÿ',
  `status` char(1) DEFAULT '0' COMMENT 'ç™»å½•çŠ¶æ€ï¼ˆ0æˆåŠŸ 1å¤±è´¥ï¼‰',
  `msg` varchar(255) DEFAULT '' COMMENT 'æç¤ºæ¶ˆæ¯',
  `login_time` datetime DEFAULT NULL COMMENT 'è®¿é—®æ—¶é—´',
  PRIMARY KEY (`info_id`)
) ENGINE=InnoDB AUTO_INCREMENT=276 DEFAULT CHARSET=utf8 COMMENT='ç³»ç»Ÿè®¿é—®è®°å½•';
/*!40101 SET character_set_client = @saved_cs_client */;

--
-- Dumping data for table `sys_logininfor`
--

LOCK TABLES `sys_logininfor` WRITE;
/*!40000 ALTER TABLE `sys_logininfor` DISABLE KEYS */;
INSERT INTO `sys_logininfor` VALUES (100,'admin','127.0.0.1','å†…ç½‘IP','Chrome 8','Mac OS X','1','éªŒè¯ç é”™è¯¯','2021-11-22 10:54:31'),(101,'admin','127.0.0.1','å†…ç½‘IP','Chrome 8','Mac OS X','1','éªŒè¯ç é”™è¯¯','2021-11-22 10:54:35'),(102,'admin','127.0.0.1','å†…ç½‘IP','Chrome 8','Mac OS X','0','ç™»å½•æˆåŠŸ','2021-11-22 10:54:42'),(103,'admin','127.0.0.1','å†…ç½‘IP','Chrome 8','Mac OS X','0','ç™»å½•æˆåŠŸ','2021-11-22 13:41:32'),(104,'admin','127.0.0.1','å†…ç½‘IP','Chrome 8','Mac OS X','1','éªŒè¯ç é”™è¯¯','2021-11-22 14:46:55'),(105,'admin','127.0.0.1','å†…ç½‘IP','Chrome 8','Mac OS X','0','ç™»å½•æˆåŠŸ','2021-11-22 14:47:02'),(106,'admin','127.0.0.1','å†…ç½‘IP','Chrome 8','Mac OS X','0','ç™»å½•æˆåŠŸ','2021-12-22 14:02:28'),(107,'admin','127.0.0.1','å†…ç½‘IP','Chrome 8','Mac OS X','0','ç™»å½•æˆåŠŸ','2021-12-22 15:13:41'),(108,'admin','127.0.0.1','å†…ç½‘IP','Chrome 8','Mac OS X','0','ç™»å½•æˆåŠŸ','2021-12-22 16:18:19'),(109,'admin','127.0.0.1','å†…ç½‘IP','Chrome 8','Mac OS X','0','é€€å‡ºæˆåŠŸ','2021-12-22 16:43:14'),(110,'admin','127.0.0.1','å†…ç½‘IP','Chrome 8','Mac OS X','0','ç™»å½•æˆåŠŸ','2021-12-22 16:43:21'),(111,'admin','127.0.0.1','å†…ç½‘IP','Chrome 8','Mac OS X','0','é€€å‡ºæˆåŠŸ','2021-12-22 16:43:25'),(112,'admin','127.0.0.1','å†…ç½‘IP','Chrome 8','Mac OS X','1','éªŒè¯ç é”™è¯¯','2021-12-22 16:43:29'),(113,'admin','127.0.0.1','å†…ç½‘IP','Chrome 8','Mac OS X','0','ç™»å½•æˆåŠŸ','2021-12-22 16:43:36'),(114,'admin','127.0.0.1','å†…ç½‘IP','Chrome 8','Mac OS X','0','ç™»å½•æˆåŠŸ','2021-12-23 15:42:07'),(115,'admin','127.0.0.1','å†…ç½‘IP','Chrome 8','Mac OS X','0','ç™»å½•æˆåŠŸ','2021-12-23 16:43:58'),(116,'admin','127.0.0.1','å†…ç½‘IP','Chrome 8','Mac OS X','1','éªŒè¯ç é”™è¯¯','2021-12-23 18:59:22'),(117,'admin','127.0.0.1','å†…ç½‘IP','Chrome 8','Mac OS X','0','ç™»å½•æˆåŠŸ','2021-12-23 18:59:27'),(118,'admin','127.0.0.1','å†…ç½‘IP','Chrome 8','Mac OS X','1','éªŒè¯ç é”™è¯¯','2021-12-24 11:00:19'),(119,'admin','127.0.0.1','å†…ç½‘IP','Chrome 8','Mac OS X','0','ç™»å½•æˆåŠŸ','2021-12-24 11:00:28'),(120,'admin','127.0.0.1','å†…ç½‘IP','Chrome 8','Mac OS X','0','ç™»å½•æˆåŠŸ','2021-12-24 13:39:34'),(121,'admin','127.0.0.1','å†…ç½‘IP','Chrome 8','Mac OS X','1','éªŒè¯ç å·²å¤±æ•ˆ','2021-12-24 18:03:21'),(122,'admin','127.0.0.1','å†…ç½‘IP','Chrome 8','Mac OS X','0','ç™»å½•æˆåŠŸ','2021-12-24 18:03:26'),(123,'admin','127.0.0.1','å†…ç½‘IP','Chrome 8','Mac OS X','1','éªŒè¯ç å·²å¤±æ•ˆ','2021-12-26 14:04:20'),(124,'admin','127.0.0.1','å†…ç½‘IP','Chrome 8','Mac OS X','1','éªŒè¯ç å·²å¤±æ•ˆ','2021-12-26 14:04:22'),(125,'admin','127.0.0.1','å†…ç½‘IP','Chrome 8','Mac OS X','0','ç™»å½•æˆåŠŸ','2021-12-26 14:04:26'),(126,'admin','127.0.0.1','å†…ç½‘IP','Chrome 8','Mac OS X','0','ç™»å½•æˆåŠŸ','2021-12-26 14:37:24'),(127,'admin','127.0.0.1','å†…ç½‘IP','Chrome 8','Mac OS X','0','ç™»å½•æˆåŠŸ','2021-12-26 15:36:25'),(128,'admin','127.0.0.1','å†…ç½‘IP','Chrome 8','Mac OS X','1','éªŒè¯ç é”™è¯¯','2021-12-26 22:50:57'),(129,'admin','127.0.0.1','å†…ç½‘IP','Chrome 8','Mac OS X','0','ç™»å½•æˆåŠŸ','2021-12-26 22:51:05'),(130,'admin','127.0.0.1','å†…ç½‘IP','Chrome 8','Mac OS X','0','ç™»å½•æˆåŠŸ','2021-12-27 10:06:56'),(131,'admin','192.168.181.100','å†…ç½‘IP','Chrome 9','Mac OS X','1','éªŒè¯ç é”™è¯¯','2021-12-27 10:37:49'),(132,'admin','192.168.181.100','å†…ç½‘IP','Chrome 9','Mac OS X','1','éªŒè¯ç é”™è¯¯','2021-12-27 10:37:50'),(133,'admin','192.168.181.100','å†…ç½‘IP','Chrome 9','Mac OS X','1','éªŒè¯ç é”™è¯¯','2021-12-27 10:37:50'),(134,'admin','192.168.181.100','å†…ç½‘IP','Chrome 9','Mac OS X','1','éªŒè¯ç é”™è¯¯','2021-12-27 10:37:50'),(135,'admin','192.168.181.100','å†…ç½‘IP','Chrome 9','Mac OS X','1','éªŒè¯ç é”™è¯¯','2021-12-27 10:37:50'),(136,'admin','192.168.181.100','å†…ç½‘IP','Chrome 9','Mac OS X','1','éªŒè¯ç é”™è¯¯','2021-12-27 10:37:51'),(137,'admin','192.168.181.100','å†…ç½‘IP','Chrome 9','Mac OS X','1','éªŒè¯ç é”™è¯¯','2021-12-27 10:37:51'),(138,'admin','192.168.181.100','å†…ç½‘IP','Chrome 9','Mac OS X','1','éªŒè¯ç é”™è¯¯','2021-12-27 10:37:51'),(139,'admin','192.168.181.100','å†…ç½‘IP','Chrome 9','Mac OS X','0','ç™»å½•æˆåŠŸ','2021-12-27 10:37:51'),(140,'admin','127.0.0.1','å†…ç½‘IP','Chrome 8','Mac OS X','1','éªŒè¯ç é”™è¯¯','2021-12-27 11:00:49'),(141,'admin','127.0.0.1','å†…ç½‘IP','Chrome 8','Mac OS X','1','éªŒè¯ç é”™è¯¯','2021-12-27 11:00:49'),(142,'admin','127.0.0.1','å†…ç½‘IP','Chrome 8','Mac OS X','0','ç™»å½•æˆåŠŸ','2021-12-27 11:00:49'),(143,'admin','127.0.0.1','å†…ç½‘IP','Chrome 8','Mac OS X','1','éªŒè¯ç é”™è¯¯','2021-12-27 13:39:46'),(144,'admin','127.0.0.1','å†…ç½‘IP','Chrome 8','Mac OS X','0','ç™»å½•æˆåŠŸ','2021-12-27 13:39:46'),(145,'admin','127.0.0.1','å†…ç½‘IP','Chrome 8','Mac OS X','1','éªŒè¯ç é”™è¯¯','2021-12-27 15:13:18'),(146,'admin','127.0.0.1','å†…ç½‘IP','Chrome 8','Mac OS X','1','éªŒè¯ç é”™è¯¯','2021-12-27 15:13:18'),(147,'admin','127.0.0.1','å†…ç½‘IP','Chrome 8','Mac OS X','1','éªŒè¯ç é”™è¯¯','2021-12-27 15:13:18'),(148,'admin','127.0.0.1','å†…ç½‘IP','Chrome 8','Mac OS X','0','ç™»å½•æˆåŠŸ','2021-12-27 15:13:18'),(149,'admin','127.0.0.1','å†…ç½‘IP','Chrome 8','Mac OS X','1','éªŒè¯ç é”™è¯¯','2021-12-28 10:05:32'),(150,'admin','127.0.0.1','å†…ç½‘IP','Chrome 8','Mac OS X','1','éªŒè¯ç é”™è¯¯','2021-12-28 10:05:32'),(151,'admin','127.0.0.1','å†…ç½‘IP','Chrome 8','Mac OS X','1','éªŒè¯ç é”™è¯¯','2021-12-28 10:05:33'),(152,'admin','127.0.0.1','å†…ç½‘IP','Chrome 8','Mac OS X','1','éªŒè¯ç é”™è¯¯','2021-12-28 10:05:33'),(153,'admin','127.0.0.1','å†…ç½‘IP','Chrome 8','Mac OS X','1','éªŒè¯ç é”™è¯¯','2021-12-28 10:05:33'),(154,'admin','127.0.0.1','å†…ç½‘IP','Chrome 8','Mac OS X','0','ç™»å½•æˆåŠŸ','2021-12-28 10:05:34'),(155,'admin','127.0.0.1','å†…ç½‘IP','Chrome 8','Mac OS X','0','ç™»å½•æˆåŠŸ','2021-12-28 11:21:31'),(156,'admin','127.0.0.1','å†…ç½‘IP','Chrome 8','Mac OS X','1','éªŒè¯ç é”™è¯¯','2021-12-28 13:06:28'),(157,'admin','127.0.0.1','å†…ç½‘IP','Chrome 8','Mac OS X','1','éªŒè¯ç é”™è¯¯','2021-12-28 13:06:28'),(158,'admin','127.0.0.1','å†…ç½‘IP','Chrome 8','Mac OS X','1','éªŒè¯ç é”™è¯¯','2021-12-28 13:06:28'),(159,'admin','127.0.0.1','å†…ç½‘IP','Chrome 8','Mac OS X','1','éªŒè¯ç é”™è¯¯','2021-12-28 13:06:28'),(160,'admin','127.0.0.1','å†…ç½‘IP','Chrome 8','Mac OS X','1','éªŒè¯ç é”™è¯¯','2021-12-28 13:06:28'),(161,'admin','127.0.0.1','å†…ç½‘IP','Chrome 8','Mac OS X','1','éªŒè¯ç é”™è¯¯','2021-12-28 13:06:29'),(162,'admin','127.0.0.1','å†…ç½‘IP','Chrome 8','Mac OS X','0','ç™»å½•æˆåŠŸ','2021-12-28 13:06:29'),(163,'admin','127.0.0.1','å†…ç½‘IP','Chrome 8','Mac OS X','1','éªŒè¯ç é”™è¯¯',NULL),(164,'admin','127.0.0.1','å†…ç½‘IP','Chrome 8','Mac OS X','1','éªŒè¯ç é”™è¯¯',NULL),(165,'admin','127.0.0.1','å†…ç½‘IP','Chrome 8','Mac OS X','1','éªŒè¯ç é”™è¯¯',NULL),(166,'admin','127.0.0.1','å†…ç½‘IP','Chrome 8','Mac OS X','1','éªŒè¯ç é”™è¯¯',NULL),(167,'admin','127.0.0.1','å†…ç½‘IP','Chrome 8','Mac OS X','1','éªŒè¯ç é”™è¯¯',NULL),(168,'admin','127.0.0.1','å†…ç½‘IP','Chrome 8','Mac OS X','1','éªŒè¯ç é”™è¯¯',NULL),(169,'admin','127.0.0.1','å†…ç½‘IP','Chrome 8','Mac OS X','1','éªŒè¯ç é”™è¯¯',NULL),(170,'admin','127.0.0.1','å†…ç½‘IP','Chrome 8','Mac OS X','1','éªŒè¯ç é”™è¯¯',NULL),(171,'admin','127.0.0.1','å†…ç½‘IP','Chrome 8','Mac OS X','1','éªŒè¯ç é”™è¯¯',NULL),(172,'admin','127.0.0.1','å†…ç½‘IP','Chrome 8','Mac OS X','1','éªŒè¯ç é”™è¯¯',NULL),(173,'admin','127.0.0.1','å†…ç½‘IP','Chrome 8','Mac OS X','1','éªŒè¯ç é”™è¯¯',NULL),(174,'admin','127.0.0.1','å†…ç½‘IP','Chrome 8','Mac OS X','0','ç™»å½•æˆåŠŸ',NULL),(175,'admin','127.0.0.1','å†…ç½‘IP','Chrome 8','Mac OS X','1','éªŒè¯ç é”™è¯¯',NULL),(176,'admin','127.0.0.1','å†…ç½‘IP','Chrome 8','Mac OS X','1','éªŒè¯ç é”™è¯¯',NULL),(177,'admin','127.0.0.1','å†…ç½‘IP','Chrome 8','Mac OS X','1','éªŒè¯ç é”™è¯¯',NULL),(178,'admin','127.0.0.1','å†…ç½‘IP','Chrome 8','Mac OS X','1','éªŒè¯ç é”™è¯¯',NULL),(179,'admin','127.0.0.1','å†…ç½‘IP','Chrome 8','Mac OS X','1','éªŒè¯ç é”™è¯¯',NULL),(180,'admin','127.0.0.1','å†…ç½‘IP','Chrome 8','Mac OS X','0','ç™»å½•æˆåŠŸ',NULL),(181,'admin','127.0.0.1','å†…ç½‘IP','Chrome 8','Mac OS X','1','éªŒè¯ç é”™è¯¯',NULL),(182,'admin','127.0.0.1','å†…ç½‘IP','Chrome 8','Mac OS X','1','éªŒè¯ç é”™è¯¯',NULL),(183,'admin','127.0.0.1','å†…ç½‘IP','Chrome 8','Mac OS X','1','éªŒè¯ç é”™è¯¯',NULL),(184,'admin','127.0.0.1','å†…ç½‘IP','Chrome 8','Mac OS X','1','éªŒè¯ç é”™è¯¯',NULL),(185,'admin','127.0.0.1','å†…ç½‘IP','Chrome 8','Mac OS X','1','éªŒè¯ç é”™è¯¯',NULL),(186,'admin','127.0.0.1','å†…ç½‘IP','Chrome 8','Mac OS X','1','éªŒè¯ç é”™è¯¯',NULL),(187,'admin','127.0.0.1','å†…ç½‘IP','Chrome 8','Mac OS X','1','éªŒè¯ç é”™è¯¯',NULL),(188,'admin','127.0.0.1','å†…ç½‘IP','Chrome 8','Mac OS X','1','éªŒè¯ç é”™è¯¯',NULL),(189,'admin','127.0.0.1','å†…ç½‘IP','Chrome 8','Mac OS X','1','éªŒè¯ç é”™è¯¯',NULL),(190,'admin','127.0.0.1','å†…ç½‘IP','Chrome 8','Mac OS X','1','éªŒè¯ç é”™è¯¯',NULL),(191,'admin','127.0.0.1','å†…ç½‘IP','Chrome 8','Mac OS X','0','ç™»å½•æˆåŠŸ',NULL),(192,'admin','127.0.0.1','å†…ç½‘IP','Chrome 8','Mac OS X','0','ç™»å½•æˆåŠŸ',NULL),(193,'admin','127.0.0.1','å†…ç½‘IP','Chrome 8','Mac OS X','0','é€€å‡ºæˆåŠŸ',NULL),(194,'admin','127.0.0.1','å†…ç½‘IP','Chrome 8','Mac OS X','1','éªŒè¯ç é”™è¯¯',NULL),(195,'admin','127.0.0.1','å†…ç½‘IP','Chrome 8','Mac OS X','1','éªŒè¯ç é”™è¯¯',NULL),(196,'admin','127.0.0.1','å†…ç½‘IP','Chrome 8','Mac OS X','0','ç™»å½•æˆåŠŸ',NULL),(197,'admin','127.0.0.1','å†…ç½‘IP','Chrome 8','Mac OS X','0','é€€å‡ºæˆåŠŸ',NULL),(198,'admin','127.0.0.1','å†…ç½‘IP','Chrome 8','Mac OS X','1','éªŒè¯ç é”™è¯¯',NULL),(199,'admin','127.0.0.1','å†…ç½‘IP','Chrome 8','Mac OS X','1','éªŒè¯ç é”™è¯¯',NULL),(200,'admin','127.0.0.1','å†…ç½‘IP','Chrome 8','Mac OS X','1','éªŒè¯ç é”™è¯¯',NULL),(201,'admin','127.0.0.1','å†…ç½‘IP','Chrome 8','Mac OS X','1','éªŒè¯ç é”™è¯¯',NULL),(202,'admin','127.0.0.1','å†…ç½‘IP','Chrome 8','Mac OS X','1','éªŒè¯ç é”™è¯¯',NULL),(203,'admin','127.0.0.1','å†…ç½‘IP','Chrome 8','Mac OS X','1','éªŒè¯ç é”™è¯¯',NULL),(204,'admin','127.0.0.1','å†…ç½‘IP','Chrome 8','Mac OS X','1','éªŒè¯ç é”™è¯¯',NULL),(205,'admin','127.0.0.1','å†…ç½‘IP','Chrome 8','Mac OS X','1','éªŒè¯ç é”™è¯¯',NULL),(206,'admin','127.0.0.1','å†…ç½‘IP','Chrome 8','Mac OS X','1','éªŒè¯ç é”™è¯¯',NULL),(207,'admin','127.0.0.1','å†…ç½‘IP','Chrome 8','Mac OS X','1','éªŒè¯ç é”™è¯¯',NULL),(208,'admin','127.0.0.1','å†…ç½‘IP','Chrome 8','Mac OS X','0','ç™»å½•æˆåŠŸ',NULL),(209,'admin','127.0.0.1','å†…ç½‘IP','Chrome 8','Mac OS X','0','é€€å‡ºæˆåŠŸ',NULL),(210,'admin','127.0.0.1','å†…ç½‘IP','Chrome 8','Mac OS X','1','éªŒè¯ç é”™è¯¯',NULL),(211,'admin','127.0.0.1','å†…ç½‘IP','Chrome 8','Mac OS X','1','éªŒè¯ç é”™è¯¯',NULL),(212,'admin','127.0.0.1','å†…ç½‘IP','Chrome 8','Mac OS X','0','ç™»å½•æˆåŠŸ',NULL),(213,'admin','127.0.0.1','å†…ç½‘IP','Chrome 8','Mac OS X','1','éªŒè¯ç é”™è¯¯',NULL),(214,'admin','127.0.0.1','å†…ç½‘IP','Chrome 8','Mac OS X','1','éªŒè¯ç é”™è¯¯',NULL),(215,'admin','127.0.0.1','å†…ç½‘IP','Chrome 8','Mac OS X','1','éªŒè¯ç é”™è¯¯',NULL),(216,'admin','127.0.0.1','å†…ç½‘IP','Chrome 8','Mac OS X','1','éªŒè¯ç é”™è¯¯',NULL),(217,'admin','127.0.0.1','å†…ç½‘IP','Chrome 8','Mac OS X','1','éªŒè¯ç é”™è¯¯',NULL),(218,'admin','127.0.0.1','å†…ç½‘IP','Chrome 8','Mac OS X','1','éªŒè¯ç é”™è¯¯',NULL),(219,'admin','127.0.0.1','å†…ç½‘IP','Chrome 8','Mac OS X','1','éªŒè¯ç é”™è¯¯',NULL),(220,'admin','127.0.0.1','å†…ç½‘IP','Chrome 8','Mac OS X','1','éªŒè¯ç é”™è¯¯',NULL),(221,'admin','127.0.0.1','å†…ç½‘IP','Chrome 8','Mac OS X','1','éªŒè¯ç é”™è¯¯',NULL),(222,'admin','127.0.0.1','å†…ç½‘IP','Chrome 8','Mac OS X','1','éªŒè¯ç é”™è¯¯',NULL),(223,'admin','127.0.0.1','å†…ç½‘IP','Chrome 8','Mac OS X','1','éªŒè¯ç é”™è¯¯',NULL),(224,'admin','127.0.0.1','å†…ç½‘IP','Chrome 8','Mac OS X','1','éªŒè¯ç é”™è¯¯',NULL),(225,'admin','127.0.0.1','å†…ç½‘IP','Chrome 8','Mac OS X','0','ç™»å½•æˆåŠŸ',NULL),(226,'admin','127.0.0.1','å†…ç½‘IP','Chrome 8','Mac OS X','0','é€€å‡ºæˆåŠŸ',NULL),(227,'admin','127.0.0.1','å†…ç½‘IP','Chrome 8','Mac OS X','1','éªŒè¯ç é”™è¯¯',NULL),(228,'admin','127.0.0.1','å†…ç½‘IP','Chrome 8','Mac OS X','0','ç™»å½•æˆåŠŸ',NULL),(229,'admin','127.0.0.1','å†…ç½‘IP','Chrome 8','Mac OS X','0','é€€å‡ºæˆåŠŸ',NULL),(230,'admin','127.0.0.1','å†…ç½‘IP','Chrome 8','Mac OS X','1','éªŒè¯ç é”™è¯¯',NULL),(231,'admin','127.0.0.1','å†…ç½‘IP','Chrome 8','Mac OS X','1','éªŒè¯ç é”™è¯¯',NULL),(232,'admin','127.0.0.1','å†…ç½‘IP','Chrome 8','Mac OS X','1','éªŒè¯ç é”™è¯¯',NULL),(233,'admin','127.0.0.1','å†…ç½‘IP','Chrome 8','Mac OS X','1','éªŒè¯ç é”™è¯¯',NULL),(234,'admin','127.0.0.1','å†…ç½‘IP','Chrome 8','Mac OS X','1','éªŒè¯ç é”™è¯¯',NULL),(235,'admin','127.0.0.1','å†…ç½‘IP','Chrome 8','Mac OS X','0','ç™»å½•æˆåŠŸ',NULL),(236,'admin','127.0.0.1','å†…ç½‘IP','Chrome 8','Mac OS X','0','é€€å‡ºæˆåŠŸ',NULL),(237,'admin','127.0.0.1','å†…ç½‘IP','Chrome 8','Mac OS X','1','éªŒè¯ç é”™è¯¯',NULL),(238,'admin','127.0.0.1','å†…ç½‘IP','Chrome 8','Mac OS X','1','éªŒè¯ç é”™è¯¯',NULL),(239,'admin','127.0.0.1','å†…ç½‘IP','Chrome 8','Mac OS X','1','éªŒè¯ç é”™è¯¯',NULL),(240,'admin','127.0.0.1','å†…ç½‘IP','Chrome 8','Mac OS X','1','éªŒè¯ç é”™è¯¯',NULL),(241,'admin','127.0.0.1','å†…ç½‘IP','Chrome 8','Mac OS X','0','ç™»å½•æˆåŠŸ',NULL),(242,'admin','127.0.0.1','å†…ç½‘IP','Chrome 8','Mac OS X','0','é€€å‡ºæˆåŠŸ',NULL),(243,'admin','127.0.0.1','å†…ç½‘IP','Chrome 8','Mac OS X','1','éªŒè¯ç å·²å¤±æ•ˆ',NULL),(244,'admin','127.0.0.1','å†…ç½‘IP','Chrome 8','Mac OS X','1','éªŒè¯ç å·²å¤±æ•ˆ',NULL),(245,'admin','127.0.0.1','å†…ç½‘IP','Chrome 8','Mac OS X','1','éªŒè¯ç å·²å¤±æ•ˆ',NULL),(246,'admin','127.0.0.1','å†…ç½‘IP','Chrome 8','Mac OS X','1','éªŒè¯ç å·²å¤±æ•ˆ',NULL),(247,'admin','127.0.0.1','å†…ç½‘IP','Chrome 8','Mac OS X','1','éªŒè¯ç å·²å¤±æ•ˆ',NULL),(248,'admin','127.0.0.1','å†…ç½‘IP','Chrome 8','Mac OS X','1','éªŒè¯ç å·²å¤±æ•ˆ',NULL),(249,'admin','127.0.0.1','å†…ç½‘IP','Chrome 8','Mac OS X','0','ç™»å½•æˆåŠŸ',NULL),(250,'admin','127.0.0.1','å†…ç½‘IP','Chrome 8','Mac OS X','0','é€€å‡ºæˆåŠŸ',NULL),(251,'admin','127.0.0.1','å†…ç½‘IP','Chrome 8','Mac OS X','0','ç™»å½•æˆåŠŸ',NULL),(252,'admin','127.0.0.1','å†…ç½‘IP','Chrome 8','Mac OS X','0','ç™»å½•æˆåŠŸ',NULL),(253,'admin','127.0.0.1','å†…ç½‘IP','Chrome 8','Mac OS X','1','éªŒè¯ç å·²å¤±æ•ˆ',NULL),(254,'admin','127.0.0.1','å†…ç½‘IP','Chrome 8','Mac OS X','1','éªŒè¯ç é”™è¯¯',NULL),(255,'admin','127.0.0.1','å†…ç½‘IP','Chrome 8','Mac OS X','0','ç™»å½•æˆåŠŸ',NULL),(256,'admin','127.0.0.1','å†…ç½‘IP','Chrome 8','Mac OS X','1','éªŒè¯ç é”™è¯¯',NULL),(257,'admin','127.0.0.1','å†…ç½‘IP','Chrome 8','Mac OS X','0','ç™»å½•æˆåŠŸ',NULL),(258,'admin','192.168.181.161','å†…ç½‘IP','Chrome 8','Mac OS X','0','ç™»å½•æˆåŠŸ',NULL),(259,'admin','192.168.181.161','å†…ç½‘IP','Chrome 8','Mac OS X','0','ç™»å½•æˆåŠŸ',NULL),(260,'admin','192.168.181.162','å†…ç½‘IP','Chrome 8','Mac OS X','0','ç™»å½•æˆåŠŸ',NULL),(261,'admin','127.0.0.1','å†…ç½‘IP','Chrome 8','Mac OS X','0','ç™»å½•æˆåŠŸ',NULL),(262,'admin','192.168.181.162','å†…ç½‘IP','Chrome 8','Mac OS X','0','ç™»å½•æˆåŠŸ',NULL),(263,'admin','192.168.181.162','å†…ç½‘IP','Chrome 8','Mac OS X','0','ç™»å½•æˆåŠŸ',NULL),(264,'admin','192.168.181.162','å†…ç½‘IP','Chrome 8','Mac OS X','0','ç™»å½•æˆåŠŸ',NULL),(265,'admin','192.168.181.162','å†…ç½‘IP','Chrome 8','Mac OS X','0','ç™»å½•æˆåŠŸ',NULL),(266,'admin','192.168.181.162','å†…ç½‘IP','Chrome 8','Mac OS X','0','ç™»å½•æˆåŠŸ',NULL),(267,'admin','127.0.0.1','å†…ç½‘IP','Chrome 8','Mac OS X','0','ç™»å½•æˆåŠŸ',NULL),(268,'admin','127.0.0.1','å†…ç½‘IP','Chrome 8','Mac OS X','0','ç™»å½•æˆåŠŸ',NULL),(269,'admin','127.0.0.1','å†…ç½‘IP','Chrome 8','Mac OS X','0','ç™»å½•æˆåŠŸ',NULL),(270,'admin','127.0.0.1','å†…ç½‘IP','Chrome 8','Mac OS X','0','ç™»å½•æˆåŠŸ',NULL),(271,'admin','127.0.0.1','å†…ç½‘IP','Chrome 8','Mac OS X','0','ç™»å½•æˆåŠŸ',NULL),(272,'admin','127.0.0.1','å†…ç½‘IP','Chrome 8','Mac OS X','0','ç™»å½•æˆåŠŸ',NULL),(273,'admin','127.0.0.1','å†…ç½‘IP','Chrome 8','Mac OS X','0','ç™»å½•æˆåŠŸ',NULL),(274,'admin','127.0.0.1','å†…ç½‘IP','Chrome 8','Mac OS X','0','ç™»å½•æˆåŠŸ',NULL),(275,'admin','127.0.0.1','å†…ç½‘IP','Chrome 8','Mac OS X','0','ç™»å½•æˆåŠŸ',NULL);
/*!40000 ALTER TABLE `sys_logininfor` ENABLE KEYS */;
UNLOCK TABLES;

--
-- Table structure for table `sys_menu`
--

DROP TABLE IF EXISTS `sys_menu`;
/*!40101 SET @saved_cs_client     = @@character_set_client */;
/*!50503 SET character_set_client = utf8mb4 */;
CREATE TABLE `sys_menu` (
  `menu_id` bigint(20) NOT NULL AUTO_INCREMENT COMMENT 'èœå•ID',
  `menu_name` varchar(50) NOT NULL COMMENT 'èœå•åç§°',
  `parent_id` bigint(20) DEFAULT '0' COMMENT 'çˆ¶èœå•ID',
  `order_num` int(4) DEFAULT '0' COMMENT 'æ˜¾ç¤ºé¡ºåº',
  `path` varchar(200) DEFAULT '' COMMENT 'è·¯ç”±åœ°å€',
  `component` varchar(255) DEFAULT NULL COMMENT 'ç»„ä»¶è·¯å¾„',
  `query` varchar(255) DEFAULT NULL COMMENT 'è·¯ç”±å‚æ•°',
  `is_frame` int(1) DEFAULT '1' COMMENT 'æ˜¯å¦ä¸ºå¤–é“¾ï¼ˆ0æ˜¯ 1å¦ï¼‰',
  `is_cache` int(1) DEFAULT '0' COMMENT 'æ˜¯å¦ç¼“å­˜ï¼ˆ0ç¼“å­˜ 1ä¸ç¼“å­˜ï¼‰',
  `menu_type` char(1) DEFAULT '' COMMENT 'èœå•ç±»å‹ï¼ˆMç›®å½• Cèœå• FæŒ‰é’®ï¼‰',
  `visible` char(1) DEFAULT '0' COMMENT 'èœå•çŠ¶æ€ï¼ˆ0æ˜¾ç¤º 1éšè—ï¼‰',
  `status` char(1) DEFAULT '0' COMMENT 'èœå•çŠ¶æ€ï¼ˆ0æ­£å¸¸ 1åœç”¨ï¼‰',
  `perms` varchar(100) DEFAULT NULL COMMENT 'æƒé™æ ‡è¯†',
  `icon` varchar(100) DEFAULT '#' COMMENT 'èœå•å›¾æ ‡',
  `create_by` varchar(64) DEFAULT '' COMMENT 'åˆ›å»ºè€…',
  `create_time` datetime DEFAULT CURRENT_TIMESTAMP COMMENT 'åˆ›å»ºæ—¶é—´',
  `update_by` varchar(64) DEFAULT '' COMMENT 'æ›´æ–°è€…',
  `update_time` datetime DEFAULT NULL ON UPDATE CURRENT_TIMESTAMP COMMENT 'æ›´æ–°æ—¶é—´',
  `remark` varchar(500) DEFAULT '' COMMENT 'å¤‡æ³¨',
  PRIMARY KEY (`menu_id`)
) ENGINE=InnoDB AUTO_INCREMENT=1055 DEFAULT CHARSET=utf8 COMMENT='èœå•æƒé™è¡¨';
/*!40101 SET character_set_client = @saved_cs_client */;

--
-- Dumping data for table `sys_menu`
--

LOCK TABLES `sys_menu` WRITE;
/*!40000 ALTER TABLE `sys_menu` DISABLE KEYS */;
INSERT INTO `sys_menu` VALUES (1,'ç³»ç»Ÿç®¡ç†',0,1,'system',NULL,'',1,0,'M','0','0','','system','admin','2021-11-22 09:57:54','',NULL,'ç³»ç»Ÿç®¡ç†ç›®å½•'),(2,'ç³»ç»Ÿç›‘æ§',0,6,'monitor',NULL,'',1,0,'M','0','0','','monitor','admin','2021-11-22 09:57:54','admin','2022-01-05 15:40:59','ç³»ç»Ÿç›‘æ§ç›®å½•'),(3,'ç³»ç»Ÿå·¥å…·',0,7,'tool',NULL,'',1,0,'M','0','0','','tool','admin','2021-11-22 09:57:54','admin','2022-01-05 15:41:05','ç³»ç»Ÿå·¥å…·ç›®å½•'),(100,'ç”¨æˆ·ç®¡ç†',1,1,'user','system/user/index','',1,0,'C','0','0','system:user:list','user','admin','2021-11-22 09:57:54','',NULL,'ç”¨æˆ·ç®¡ç†èœå•'),(101,'è§’è‰²ç®¡ç†',1,2,'role','system/role/index','',1,0,'C','0','0','system:role:list','peoples','admin','2021-11-22 09:57:54','',NULL,'è§’è‰²ç®¡ç†èœå•'),(102,'èœå•ç®¡ç†',1,3,'menu','system/menu/index','',1,0,'C','0','0','system:menu:list','tree-table','admin','2021-11-22 09:57:54','',NULL,'èœå•ç®¡ç†èœå•'),(103,'éƒ¨é—¨ç®¡ç†',1,4,'dept','system/dept/index','',1,0,'C','0','0','system:dept:list','tree','admin','2021-11-22 09:57:54','',NULL,'éƒ¨é—¨ç®¡ç†èœå•'),(104,'å²—ä½ç®¡ç†',1,5,'post','system/post/index','',1,0,'C','0','0','system:post:list','post','admin','2021-11-22 09:57:54','',NULL,'å²—ä½ç®¡ç†èœå•'),(105,'å­—å…¸ç®¡ç†',1,6,'dict','system/dict/index','',1,0,'C','0','0','system:dict:list','dict','admin','2021-11-22 09:57:54','',NULL,'å­—å…¸ç®¡ç†èœå•'),(106,'å‚æ•°è®¾ç½®',1,7,'config','system/config/index','',1,0,'C','0','0','system:config:list','edit','admin','2021-11-22 09:57:54','',NULL,'å‚æ•°è®¾ç½®èœå•'),(107,'é€šçŸ¥å…¬å‘Š',1,8,'notice','system/notice/index','',1,0,'C','0','0','system:notice:list','message','admin','2021-11-22 09:57:54','',NULL,'é€šçŸ¥å…¬å‘Šèœå•'),(108,'æ—¥å¿—ç®¡ç†',1,9,'log','','',1,0,'M','1','0','','log','admin','2021-11-22 09:57:54','admin','2021-12-28 13:21:19','æ—¥å¿—ç®¡ç†èœå•'),(109,'åœ¨çº¿ç”¨æˆ·',1,11,'online','monitor/online/index','',1,0,'C','0','0','monitor:online:list','online','admin','2021-11-22 09:57:54','admin','2021-12-28 13:22:30','åœ¨çº¿ç”¨æˆ·èœå•'),(110,'å®šæ—¶ä»»åŠ¡',2,2,'job','monitor/job/index','',1,0,'C','0','0','monitor:job:list','job','admin','2021-11-22 09:57:54','',NULL,'å®šæ—¶ä»»åŠ¡èœå•'),(111,'æ•°æ®ç›‘æ§',2,3,'druid','monitor/druid/index','',1,0,'C','0','0','monitor:druid:list','druid','admin','2021-11-22 09:57:54','',NULL,'æ•°æ®ç›‘æ§èœå•'),(112,'æœåŠ¡ç›‘æ§',1,12,'server','monitor/server/index','',1,0,'C','0','0','monitor:server:list','server','admin','2021-11-22 09:57:54','admin','2021-12-28 13:23:01','æœåŠ¡ç›‘æ§èœå•'),(113,'ç¼“å­˜ç›‘æ§',2,5,'cache','monitor/cache/index','',1,0,'C','0','0','monitor:cache:list','redis','admin','2021-11-22 09:57:54','',NULL,'ç¼“å­˜ç›‘æ§èœå•'),(114,'è¡¨å•æ„å»º',3,1,'build','tool/build/index','',1,0,'C','0','0','tool:build:list','build','admin','2021-11-22 09:57:54','',NULL,'è¡¨å•æ„å»ºèœå•'),(115,'ä»£ç ç”Ÿæˆ',0,3,'gen','tool/gen/index','',1,0,'C','0','0','tool:gen:list','code','admin','2021-11-22 09:57:54','admin','2022-01-05 15:40:35','ä»£ç ç”Ÿæˆèœå•'),(116,'ç³»ç»Ÿæ¥å£',0,4,'http://192.168.181.162:8080/doc.html','tool/swagger/index','',0,1,'C','0','0','tool:swagger:list','swagger','admin','2021-11-22 09:57:54','admin','2022-01-05 15:42:00','ç³»ç»Ÿæ¥å£èœå•'),(500,'æ“ä½œæ—¥å¿—',1,9,'operlog','monitor/operlog/index','',1,0,'C','0','0','monitor:operlog:list','form','admin','2021-11-22 09:57:54','admin','2021-12-28 13:20:26','æ“ä½œæ—¥å¿—èœå•'),(501,'ç™»å½•æ—¥å¿—',1,10,'logininfor','monitor/logininfor/index','',1,0,'C','0','0','monitor:logininfor:list','logininfor','admin','2021-11-22 09:57:54','admin','2021-12-28 13:21:10','ç™»å½•æ—¥å¿—èœå•');
/*!40000 ALTER TABLE `sys_menu` ENABLE KEYS */;
UNLOCK TABLES;

--
-- Table structure for table `sys_notice`
--

DROP TABLE IF EXISTS `sys_notice`;
/*!40101 SET @saved_cs_client     = @@character_set_client */;
/*!50503 SET character_set_client = utf8mb4 */;
CREATE TABLE `sys_notice` (
  `notice_id` int(4) NOT NULL AUTO_INCREMENT COMMENT 'å…¬å‘ŠID',
  `notice_title` varchar(50) NOT NULL COMMENT 'å…¬å‘Šæ ‡é¢˜',
  `notice_type` char(1) NOT NULL COMMENT 'å…¬å‘Šç±»å‹ï¼ˆ1é€šçŸ¥ 2å…¬å‘Šï¼‰',
  `notice_content` longblob COMMENT 'å…¬å‘Šå†…å®¹',
  `status` char(1) DEFAULT '0' COMMENT 'å…¬å‘ŠçŠ¶æ€ï¼ˆ0æ­£å¸¸ 1å…³é—­ï¼‰',
  `create_by` varchar(64) DEFAULT '' COMMENT 'åˆ›å»ºè€…',
  `create_time` datetime DEFAULT CURRENT_TIMESTAMP COMMENT 'åˆ›å»ºæ—¶é—´',
  `update_by` varchar(64) DEFAULT '' COMMENT 'æ›´æ–°è€…',
  `update_time` datetime DEFAULT NULL ON UPDATE CURRENT_TIMESTAMP COMMENT 'æ›´æ–°æ—¶é—´',
  `remark` varchar(255) DEFAULT NULL COMMENT 'å¤‡æ³¨',
  PRIMARY KEY (`notice_id`)
) ENGINE=InnoDB AUTO_INCREMENT=4 DEFAULT CHARSET=utf8 COMMENT='é€šçŸ¥å…¬å‘Šè¡¨';
/*!40101 SET character_set_client = @saved_cs_client */;

--
-- Dumping data for table `sys_notice`
--

LOCK TABLES `sys_notice` WRITE;
/*!40000 ALTER TABLE `sys_notice` DISABLE KEYS */;
INSERT INTO `sys_notice` VALUES (1,'æ¸©é¦¨æé†’ï¼š2018-07-01 è‹¥ä¾æ–°ç‰ˆæœ¬å‘å¸ƒå•¦','2',_binary 'æ–°ç‰ˆæœ¬å†…å®¹','0','admin','2021-11-22 09:57:56','',NULL,'ç®¡ç†å‘˜'),(2,'ç»´æŠ¤é€šçŸ¥ï¼š2018-07-01 è‹¥ä¾ç³»ç»Ÿå‡Œæ™¨ç»´æŠ¤','1',_binary 'ç»´æŠ¤å†…å®¹','0','admin','2021-11-22 09:57:56','',NULL,'ç®¡ç†å‘˜'),(3,'123123123','1',_binary '<h1>3123123</h1><h2>3213123123213</h2><h5>31231313</h5><p><br></p><p><br></p><p><br></p><p>312312312daså¤§ä¸‰å¤§å››çš„</p>','0','admin','2021-12-28 10:06:29','',NULL,NULL);
/*!40000 ALTER TABLE `sys_notice` ENABLE KEYS */;
UNLOCK TABLES;

--
-- Table structure for table `sys_oper_log`
--

DROP TABLE IF EXISTS `sys_oper_log`;
/*!40101 SET @saved_cs_client     = @@character_set_client */;
/*!50503 SET character_set_client = utf8mb4 */;
CREATE TABLE `sys_oper_log` (
  `oper_id` bigint(20) NOT NULL AUTO_INCREMENT COMMENT 'æ—¥å¿—ä¸»é”®',
  `title` varchar(50) DEFAULT '' COMMENT 'æ¨¡å—æ ‡é¢˜',
  `business_type` int(2) DEFAULT '0' COMMENT 'ä¸šåŠ¡ç±»å‹ï¼ˆ0å…¶å®ƒ 1æ–°å¢ 2ä¿®æ”¹ 3åˆ é™¤ï¼‰',
  `method` varchar(100) DEFAULT '' COMMENT 'æ–¹æ³•åç§°',
  `request_method` varchar(10) DEFAULT '' COMMENT 'è¯·æ±‚æ–¹å¼',
  `operator_type` int(1) DEFAULT '0' COMMENT 'æ“ä½œç±»åˆ«ï¼ˆ0å…¶å®ƒ 1åå°ç”¨æˆ· 2æ‰‹æœºç«¯ç”¨æˆ·ï¼‰',
  `oper_name` varchar(50) DEFAULT '' COMMENT 'æ“ä½œäººå‘˜',
  `dept_name` varchar(50) DEFAULT '' COMMENT 'éƒ¨é—¨åç§°',
  `oper_url` varchar(255) DEFAULT '' COMMENT 'è¯·æ±‚URL',
  `oper_ip` varchar(128) DEFAULT '' COMMENT 'ä¸»æœºåœ°å€',
  `oper_location` varchar(255) DEFAULT '' COMMENT 'æ“ä½œåœ°ç‚¹',
  `oper_param` varchar(2000) DEFAULT '' COMMENT 'è¯·æ±‚å‚æ•°',
  `json_result` varchar(2000) DEFAULT '' COMMENT 'è¿”å›å‚æ•°',
  `status` int(1) DEFAULT '0' COMMENT 'æ“ä½œçŠ¶æ€ï¼ˆ0æ­£å¸¸ 1å¼‚å¸¸ï¼‰',
  `error_msg` varchar(2000) DEFAULT '' COMMENT 'é”™è¯¯æ¶ˆæ¯',
  `oper_time` datetime DEFAULT NULL COMMENT 'æ“ä½œæ—¶é—´',
  PRIMARY KEY (`oper_id`)
) ENGINE=InnoDB AUTO_INCREMENT=111 DEFAULT CHARSET=utf8 COMMENT='æ“ä½œæ—¥å¿—è®°å½•';
/*!40101 SET character_set_client = @saved_cs_client */;

--
-- Dumping data for table `sys_oper_log`
--

LOCK TABLES `sys_oper_log` WRITE;
/*!40000 ALTER TABLE `sys_oper_log` DISABLE KEYS */;
INSERT INTO `sys_oper_log` VALUES (1,'å‚æ•°ç®¡ç†',1,'xin.altitude.cms.system.controller.SysConfigController.add()','POST',1,'admin',NULL,'/system/config','127.0.0.1','å†…ç½‘IP','{\"configName\":\"2133\",\"configKey\":\"321321\",\"createBy\":\"admin\",\"remark\":\"312312\",\"configType\":\"Y\",\"configValue\":\"312321312\",\"params\":{}}','{\"msg\":\"æ“ä½œæˆåŠŸ\",\"code\":200}',0,NULL,'2021-12-23 18:59:42'),(2,'å‚æ•°ç®¡ç†',3,'xin.altitude.cms.system.controller.SysConfigController.remove()','DELETE',1,'admin',NULL,'/system/config/6','127.0.0.1','å†…ç½‘IP','{configIds=6}',NULL,1,'Invalid bound statement (not found): xin.altitude.cms.system.mapper.SysConfigMapper.selectById','2021-12-23 19:01:17'),(3,'å‚æ•°ç®¡ç†',3,'xin.altitude.cms.system.controller.SysConfigController.remove()','DELETE',1,'admin',NULL,'/system/config/7','127.0.0.1','å†…ç½‘IP','{configIds=7}',NULL,1,'Invalid bound statement (not found): xin.altitude.cms.system.mapper.SysConfigMapper.selectById','2021-12-23 19:01:31'),(4,'å‚æ•°ç®¡ç†',3,'xin.altitude.cms.system.controller.SysConfigController.remove()','DELETE',1,'admin',NULL,'/system/config/7','127.0.0.1','å†…ç½‘IP','{configIds=7}',NULL,1,'Invalid bound statement (not found): xin.altitude.cms.system.mapper.SysConfigMapper.selectById','2021-12-23 19:10:45'),(5,'å‚æ•°ç®¡ç†',3,'xin.altitude.cms.system.controller.SysConfigController.remove()','DELETE',1,'admin',NULL,'/system/config/7','127.0.0.1','å†…ç½‘IP','{configIds=7}',NULL,1,'Invalid bound statement (not found): xin.altitude.cms.system.mapper.SysConfigMapper.selectById','2021-12-23 19:11:59'),(6,'å‚æ•°ç®¡ç†',3,'xin.altitude.cms.system.controller.SysConfigController.remove()','DELETE',1,'admin',NULL,'/system/config/6','127.0.0.1','å†…ç½‘IP','{configIds=6}',NULL,1,'Invalid bound statement (not found): xin.altitude.cms.system.mapper.SysConfigMapper.selectById','2021-12-23 19:13:57'),(7,'å‚æ•°ç®¡ç†',3,'xin.altitude.cms.system.controller.SysConfigController.remove()','DELETE',1,'admin',NULL,'/system/config/6','127.0.0.1','å†…ç½‘IP','{configIds=6}',NULL,1,'Invalid bound statement (not found): xin.altitude.cms.system.mapper.SysConfigMapper.selectById','2021-12-23 19:16:30'),(8,'å‚æ•°ç®¡ç†',3,'xin.altitude.cms.system.controller.SysConfigController.remove()','DELETE',1,'admin',NULL,'/system/config/6','127.0.0.1','å†…ç½‘IP','{configIds=6}',NULL,1,'Invalid bound statement (not found): xin.altitude.cms.system.mapper.SysConfigMapper.selectById','2021-12-23 19:22:30'),(10,'å‚æ•°ç®¡ç†',1,'xin.altitude.cms.system.controller.SysConfigController.add()','POST',1,'admin',NULL,'/system/config','127.0.0.1','å†…ç½‘IP','{\"configName\":\"43214123421342\",\"configKey\":\"42314123412341234\",\"createBy\":\"admin\",\"configType\":\"Y\",\"configValue\":\"42314234123412341234\",\"params\":{}}','{\"msg\":\"æ“ä½œæˆåŠŸ\",\"code\":200}',0,NULL,'2021-12-23 19:30:53'),(11,'å‚æ•°ç®¡ç†',3,'xin.altitude.cms.system.controller.SysConfigController.remove()','DELETE',1,'admin',NULL,'/system/config/8','127.0.0.1','å†…ç½‘IP','{configIds=8}',NULL,1,'Invalid bound statement (not found): xin.altitude.cms.system.mapper.SysConfigMapper.selectById','2021-12-23 19:30:58'),(12,'å‚æ•°ç®¡ç†',3,'xin.altitude.cms.system.controller.SysConfigController.remove()','DELETE',1,'admin',NULL,'/system/config/8','127.0.0.1','å†…ç½‘IP','{configIds=8}',NULL,1,'Invalid bound statement (not found): xin.altitude.cms.system.mapper.SysConfigMapper.selectById','2021-12-23 19:32:44'),(13,'å‚æ•°ç®¡ç†',3,'xin.altitude.cms.system.controller.SysConfigController.remove()','DELETE',1,'admin',NULL,'/system/config/8','127.0.0.1','å†…ç½‘IP','{configIds=8}',NULL,1,'Invalid bound statement (not found): xin.altitude.cms.system.mapper.SysConfigMapper.selectById','2021-12-24 11:00:38'),(14,'å‚æ•°ç®¡ç†',3,'xin.altitude.cms.system.controller.SysConfigController.remove()','DELETE',1,'admin',NULL,'/system/config/8','127.0.0.1','å†…ç½‘IP','{configIds=8}',NULL,1,'Invalid bound statement (not found): xin.altitude.cms.system.mapper.SysConfigMapper.selectById','2021-12-24 11:01:38'),(16,'å‚æ•°ç®¡ç†',2,'xin.altitude.cms.system.controller.SysConfigController.edit()','PUT',1,'admin',NULL,'/system/config','127.0.0.1','å†…ç½‘IP','{\"configName\":\"43214123421342\",\"configKey\":\"42314123412341234\",\"createBy\":\"admin\",\"updateBy\":\"admin\",\"configId\":8,\"configType\":\"N\",\"configValue\":\"42314234123412341234\",\"params\":{}}','{\"msg\":\"æ“ä½œæˆåŠŸ\",\"code\":200}',0,NULL,'2021-12-24 11:07:00'),(17,'å‚æ•°ç®¡ç†',3,'xin.altitude.cms.system.controller.SysConfigController.remove()','DELETE',1,'admin',NULL,'/system/config/8','127.0.0.1','å†…ç½‘IP','{configIds=8}','{\"msg\":\"æ“ä½œæˆåŠŸ\",\"code\":200}',0,NULL,'2021-12-24 11:07:05'),(18,'æ“ä½œæ—¥å¿—',3,'xin.altitude.cms.monitor.SysOperlogController.remove()','DELETE',1,'admin','','/monitor/operlog/9','127.0.0.1','å†…ç½‘IP','{operIds=9}','{\"msg\":\"æ“ä½œæˆåŠŸ\",\"code\":200}',0,'',NULL),(19,'æ“ä½œæ—¥å¿—',3,'xin.altitude.cms.monitor.SysOperlogController.remove()','DELETE',1,'admin','','/monitor/operlog/15','127.0.0.1','å†…ç½‘IP','{operIds=15}','{\"msg\":\"æ“ä½œæˆåŠŸ\",\"code\":200}',0,'',NULL),(20,'æ“ä½œæ—¥å¿—',5,'xin.altitude.cms.monitor.SysOperlogController.export()','POST',1,'admin','','/monitor/operlog/export','127.0.0.1','å†…ç½‘IP','{\"params\":{}}','',0,'',NULL),(21,'å²—ä½ç®¡ç†',1,'xin.altitude.cms.system.controller.SysPostController.add()','POST',1,'admin','','/system/post','127.0.0.1','å†…ç½‘IP','{\"postSort\":\"4\",\"flag\":false,\"remark\":\"12312312\",\"postId\":5,\"params\":{},\"createBy\":\"admin\",\"postName\":\"13212312312\",\"postCode\":\"311231231231231\",\"status\":\"0\"}','{\"msg\":\"æ“ä½œæˆåŠŸ\",\"code\":200}',0,'',NULL),(22,'å²—ä½ç®¡ç†',2,'xin.altitude.cms.system.controller.SysPostController.edit()','PUT',1,'admin','','/system/post','127.0.0.1','å†…ç½‘IP','{\"postSort\":\"4\",\"flag\":false,\"remark\":\"12312312312312312312\",\"postId\":5,\"params\":{},\"createBy\":\"admin\",\"updateBy\":\"admin\",\"postName\":\"13212312312\",\"postCode\":\"311231231231231\",\"status\":\"0\"}','{\"msg\":\"æ“ä½œæˆåŠŸ\",\"code\":200}',0,'',NULL),(23,'å²—ä½ç®¡ç†',3,'xin.altitude.cms.system.controller.SysPostController.remove()','DELETE',1,'admin','','/system/post/5','127.0.0.1','å†…ç½‘IP','{postIds=5}','{\"msg\":\"æ“ä½œæˆåŠŸ\",\"code\":200}',0,'',NULL),(24,'è§’è‰²ç®¡ç†',2,'xin.altitude.cms.common.SysRoleController.edit()','PUT',1,'admin','','/system/role','127.0.0.1','å†…ç½‘IP','{\"flag\":false,\"roleId\":2,\"admin\":false,\"remark\":\"æ™®é€šè§’è‰²\",\"dataScope\":\"2\",\"delFlag\":\"0\",\"params\":{},\"roleSort\":\"2\",\"deptCheckStrictly\":true,\"createTime\":1637546274000,\"updateBy\":\"admin\",\"menuCheckStrictly\":true,\"roleKey\":\"common\",\"roleName\":\"æ™®é€šè§’è‰²\",\"menuIds\":[2,109,1046,1047,1048,110,1049,1050,1051,1052,1053,1054,111,112,113,3,114,115,1055,1056,1057,1058,1059,1060,116],\"status\":\"0\"}','{\"msg\":\"æ“ä½œæˆåŠŸ\",\"code\":200}',0,'',NULL),(25,'ç”¨æˆ·ç®¡ç†',2,'xin.altitude.cms.system.controller.SysUserController.edit()','PUT',1,'admin','','/system/user','127.0.0.1','å†…ç½‘IP','{\"roles\":[{\"flag\":false,\"roleId\":2,\"admin\":false,\"dataScope\":\"2\",\"params\":{},\"roleSort\":\"2\",\"roleKey\":\"common\",\"roleName\":\"æ™®é€šè§’è‰²\",\"status\":\"0\"}],\"phonenumber\":\"15666666666\",\"admin\":false,\"loginDate\":1637546274000,\"remark\":\"æµ‹è¯•å‘˜\",\"delFlag\":\"0\",\"password\":\"\",\"updateBy\":\"admin\",\"postIds\":[2],\"loginIp\":\"127.0.0.1\",\"email\":\"ry@qq.com\",\"nickName\":\"è‹¥ä¾\",\"sex\":\"0\",\"deptId\":105,\"avatar\":\"\",\"dept\":{\"deptName\":\"æµ‹è¯•éƒ¨é—¨\",\"leader\":\"è‹¥ä¾\",\"deptId\":105,\"orderNum\":\"3\",\"params\":{},\"parentId\":101,\"children\":[],\"status\":\"0\"},\"params\":{},\"userName\":\"ry\",\"userId\":2,\"createBy\":\"admin\",\"roleIds\":[2],\"createTime\":1637546274000,\"status\":\"0\"}','',1,'',NULL),(26,'ç”¨æˆ·ç®¡ç†',2,'xin.altitude.cms.system.controller.SysUserController.edit()','PUT',1,'admin','','/system/user','127.0.0.1','å†…ç½‘IP','{\"roles\":[{\"flag\":false,\"roleId\":2,\"admin\":false,\"dataScope\":\"2\",\"params\":{},\"roleSort\":\"2\",\"roleKey\":\"common\",\"roleName\":\"æ™®é€šè§’è‰²\",\"status\":\"0\"}],\"phonenumber\":\"15666666666\",\"admin\":false,\"loginDate\":1637546274000,\"remark\":\"æµ‹è¯•å‘˜\",\"delFlag\":\"0\",\"password\":\"\",\"updateBy\":\"admin\",\"postIds\":[2],\"loginIp\":\"127.0.0.1\",\"email\":\"ry@qq.com\",\"nickName\":\"è‹¥ä¾\",\"sex\":\"0\",\"deptId\":105,\"avatar\":\"\",\"dept\":{\"deptName\":\"æµ‹è¯•éƒ¨é—¨\",\"leader\":\"è‹¥ä¾\",\"deptId\":105,\"orderNum\":\"3\",\"params\":{},\"parentId\":101,\"children\":[],\"status\":\"0\"},\"params\":{},\"userName\":\"ry\",\"userId\":2,\"createBy\":\"admin\",\"roleIds\":[2],\"createTime\":1637546274000,\"status\":\"0\"}','',1,'',NULL),(27,'ç”¨æˆ·ç®¡ç†',2,'xin.altitude.cms.system.controller.SysUserController.edit()','PUT',1,'admin','','/system/user','127.0.0.1','å†…ç½‘IP','{\"roles\":[{\"flag\":false,\"roleId\":2,\"admin\":false,\"dataScope\":\"2\",\"params\":{},\"roleSort\":\"2\",\"roleKey\":\"common\",\"roleName\":\"æ™®é€šè§’è‰²\",\"status\":\"0\"}],\"phonenumber\":\"15666666666\",\"admin\":false,\"loginDate\":1637546274000,\"remark\":\"æµ‹è¯•å‘˜\",\"delFlag\":\"0\",\"password\":\"\",\"updateBy\":\"admin\",\"postIds\":[2],\"loginIp\":\"127.0.0.1\",\"email\":\"ry@qq.com\",\"nickName\":\"è‹¥ä¾\",\"sex\":\"0\",\"deptId\":105,\"avatar\":\"\",\"dept\":{\"deptName\":\"æµ‹è¯•éƒ¨é—¨\",\"leader\":\"è‹¥ä¾\",\"deptId\":105,\"orderNum\":\"3\",\"params\":{},\"parentId\":101,\"children\":[],\"status\":\"0\"},\"params\":{},\"userName\":\"ry\",\"userId\":2,\"createBy\":\"admin\",\"roleIds\":[2],\"createTime\":1637546274000,\"status\":\"0\"}','{\"msg\":\"æ“ä½œæˆåŠŸ\",\"code\":200}',0,'',NULL),(28,'ç”¨æˆ·ç®¡ç†',2,'xin.altitude.cms.system.controller.SysUserController.edit()','PUT',1,'admin','','/system/user','127.0.0.1','å†…ç½‘IP','{\"roles\":[{\"flag\":false,\"roleId\":2,\"admin\":false,\"dataScope\":\"2\",\"params\":{},\"roleSort\":\"2\",\"roleKey\":\"common\",\"roleName\":\"æ™®é€šè§’è‰²\",\"status\":\"0\"}],\"phonenumber\":\"15666666666\",\"admin\":false,\"loginDate\":1637546274000,\"remark\":\"æµ‹è¯•å‘˜\",\"delFlag\":\"0\",\"password\":\"\",\"updateBy\":\"admin\",\"postIds\":[2],\"loginIp\":\"127.0.0.1\",\"email\":\"ry@qq.com\",\"nickName\":\"è‹¥ä¾\",\"sex\":\"0\",\"deptId\":108,\"avatar\":\"\",\"dept\":{\"deptName\":\"æµ‹è¯•éƒ¨é—¨\",\"leader\":\"è‹¥ä¾\",\"deptId\":105,\"orderNum\":\"3\",\"params\":{},\"parentId\":101,\"children\":[],\"status\":\"0\"},\"params\":{},\"userName\":\"ry\",\"userId\":2,\"createBy\":\"admin\",\"roleIds\":[2],\"createTime\":1637546274000,\"status\":\"0\"}','{\"msg\":\"æ“ä½œæˆåŠŸ\",\"code\":200}',0,'',NULL),(29,'ç”¨æˆ·ç®¡ç†',2,'xin.altitude.cms.system.controller.SysUserController.edit()','PUT',1,'admin','','/system/user','127.0.0.1','å†…ç½‘IP','{\"roles\":[{\"flag\":false,\"roleId\":2,\"admin\":false,\"dataScope\":\"2\",\"params\":{},\"roleSort\":\"2\",\"roleKey\":\"common\",\"roleName\":\"æ™®é€šè§’è‰²\",\"status\":\"0\"}],\"phonenumber\":\"15666666666\",\"admin\":false,\"loginDate\":1637546274000,\"remark\":\"æµ‹è¯•å‘˜\",\"delFlag\":\"0\",\"password\":\"\",\"updateBy\":\"admin\",\"postIds\":[2],\"loginIp\":\"127.0.0.1\",\"email\":\"ry@qq.com\",\"nickName\":\"è‹¥ä¾\",\"sex\":\"0\",\"deptId\":109,\"avatar\":\"\",\"dept\":{\"deptName\":\"å¸‚åœºéƒ¨é—¨\",\"leader\":\"è‹¥ä¾\",\"deptId\":108,\"orderNum\":\"1\",\"params\":{},\"parentId\":102,\"children\":[],\"status\":\"0\"},\"params\":{},\"userName\":\"ry\",\"userId\":2,\"createBy\":\"admin\",\"roleIds\":[2],\"createTime\":1637546274000,\"status\":\"0\"}','{\"msg\":\"æ“ä½œæˆåŠŸ\",\"code\":200}',0,'',NULL),(30,'ç”¨æˆ·ç®¡ç†',2,'xin.altitude.cms.system.controller.SysUserController.edit()','PUT',1,'admin','','/system/user','127.0.0.1','å†…ç½‘IP','{\"roles\":[{\"flag\":false,\"roleId\":2,\"admin\":false,\"dataScope\":\"2\",\"params\":{},\"roleSort\":\"2\",\"roleKey\":\"common\",\"roleName\":\"æ™®é€šè§’è‰²\",\"status\":\"0\"}],\"phonenumber\":\"15666666666\",\"admin\":false,\"loginDate\":1637546274000,\"remark\":\"æµ‹è¯•å‘˜\",\"delFlag\":\"0\",\"password\":\"\",\"updateBy\":\"admin\",\"postIds\":[2],\"loginIp\":\"127.0.0.1\",\"email\":\"ry@qq.com\",\"nickName\":\"è‹¥ä¾\",\"sex\":\"0\",\"avatar\":\"\",\"dept\":{\"deptName\":\"è´¢åŠ¡éƒ¨é—¨\",\"leader\":\"è‹¥ä¾\",\"deptId\":109,\"orderNum\":\"2\",\"params\":{},\"parentId\":102,\"children\":[],\"status\":\"0\"},\"params\":{},\"userName\":\"ry\",\"userId\":2,\"createBy\":\"admin\",\"roleIds\":[2],\"createTime\":1637546274000,\"status\":\"0\"}','{\"msg\":\"æ“ä½œæˆåŠŸ\",\"code\":200}',0,'',NULL),(31,'ç”¨æˆ·ç®¡ç†',1,'xin.altitude.cms.system.controller.SysUserController.add()','POST',1,'admin','','/system/user','127.0.0.1','å†…ç½‘IP','{\"admin\":false,\"password\":\"$2a$10$/NiiCfVRKTr0ZY8gBRDa8OmeqlQpOnQKDT/18NbkMpbfZ3ACBm3VW\",\"postIds\":[],\"nickName\":\"321\",\"params\":{},\"userName\":\"32131233\",\"userId\":3,\"createBy\":\"admin\",\"roleIds\":[],\"status\":\"0\"}','{\"msg\":\"æ“ä½œæˆåŠŸ\",\"code\":200}',0,'',NULL),(32,'ç”¨æˆ·ç®¡ç†',2,'xin.altitude.cms.system.controller.SysUserController.edit()','PUT',1,'admin','','/system/user','127.0.0.1','å†…ç½‘IP','{\"phonenumber\":\"\",\"admin\":false,\"delFlag\":\"0\",\"password\":\"\",\"updateBy\":\"admin\",\"postIds\":[],\"loginIp\":\"\",\"email\":\"\",\"nickName\":\"321\",\"sex\":\"0\",\"deptId\":100,\"avatar\":\"\",\"params\":{},\"userName\":\"32131233\",\"userId\":3,\"createBy\":\"admin\",\"roleIds\":[],\"status\":\"0\"}','{\"msg\":\"æ“ä½œæˆåŠŸ\",\"code\":200}',0,'',NULL),(33,'ç”¨æˆ·ç®¡ç†',2,'xin.altitude.cms.system.controller.SysUserController.edit()','PUT',1,'admin','','/system/user','127.0.0.1','å†…ç½‘IP','{\"phonenumber\":\"\",\"admin\":false,\"delFlag\":\"0\",\"password\":\"\",\"updateBy\":\"admin\",\"postIds\":[1],\"loginIp\":\"\",\"email\":\"\",\"nickName\":\"321\",\"sex\":\"0\",\"deptId\":100,\"avatar\":\"\",\"dept\":{\"deptName\":\"è‹¥ä¾ç§‘æŠ€\",\"leader\":\"è‹¥ä¾\",\"deptId\":100,\"orderNum\":\"0\",\"delFlag\":\"0\",\"params\":{},\"parentId\":0,\"createBy\":\"admin\",\"children\":[],\"createTime\":1637546274000,\"phone\":\"15888888888\",\"updateBy\":\"\",\"ancestors\":\"0\",\"email\":\"ry@qq.com\",\"status\":\"0\"},\"params\":{},\"userName\":\"32131233\",\"userId\":3,\"createBy\":\"admin\",\"roleIds\":[2],\"status\":\"0\"}','{\"msg\":\"æ“ä½œæˆåŠŸ\",\"code\":200}',0,'',NULL),(34,'ç”¨æˆ·ç®¡ç†',2,'xin.altitude.cms.system.controller.SysUserController.edit()','PUT',1,'admin','','/system/user','127.0.0.1','å†…ç½‘IP','{\"phonenumber\":\"18511112222\",\"admin\":false,\"delFlag\":\"0\",\"password\":\"\",\"updateBy\":\"admin\",\"postIds\":[1],\"loginIp\":\"\",\"email\":\"\",\"nickName\":\"321\",\"sex\":\"0\",\"deptId\":100,\"avatar\":\"\",\"dept\":{\"deptName\":\"è‹¥ä¾ç§‘æŠ€\",\"leader\":\"è‹¥ä¾\",\"deptId\":100,\"orderNum\":\"0\",\"delFlag\":\"0\",\"params\":{},\"parentId\":0,\"createBy\":\"admin\",\"children\":[],\"createTime\":1637546274000,\"phone\":\"15888888888\",\"updateBy\":\"\",\"ancestors\":\"0\",\"email\":\"ry@qq.com\",\"status\":\"0\"},\"params\":{},\"userName\":\"32131233\",\"userId\":3,\"createBy\":\"admin\",\"roleIds\":[2],\"status\":\"0\"}','{\"msg\":\"æ“ä½œæˆåŠŸ\",\"code\":200}',0,'',NULL),(35,'èœå•ç®¡ç†',1,'xin.altitude.cms.system.controller.SysMenuController.add()','POST',1,'admin','','/system/menu','127.0.0.1','å†…ç½‘IP','{\"visible\":\"0\",\"orderNum\":\"6\",\"menuName\":\"AAAAA\",\"params\":{},\"parentId\":0,\"isCache\":\"0\",\"path\":\"/aaaaa\",\"createBy\":\"admin\",\"children\":[],\"isFrame\":\"1\",\"menuType\":\"M\",\"status\":\"0\"}','{\"msg\":\"æ“ä½œæˆåŠŸ\",\"code\":200}',0,'',NULL),(36,'èœå•ç®¡ç†',2,'xin.altitude.cms.system.controller.SysMenuController.edit()','PUT',1,'admin','','/system/menu','127.0.0.1','å†…ç½‘IP','{\"visible\":\"0\",\"icon\":\"#\",\"orderNum\":\"6\",\"menuName\":\"AAAAA\",\"params\":{},\"parentId\":0,\"isCache\":\"0\",\"path\":\"/aaaaa\",\"children\":[],\"createTime\":1640589239000,\"updateBy\":\"admin\",\"isFrame\":\"1\",\"menuId\":1061,\"menuType\":\"M\",\"perms\":\"\",\"status\":\"0\"}','{\"msg\":\"æ“ä½œæˆåŠŸ\",\"code\":200}',0,'',NULL),(37,'èœå•ç®¡ç†',3,'xin.altitude.cms.system.controller.SysMenuController.remove()','DELETE',1,'admin','','/system/menu/1061','127.0.0.1','å†…ç½‘IP','{menuId=1061}','{\"msg\":\"æ“ä½œæˆåŠŸ\",\"code\":200}',0,'',NULL),(38,'é€šçŸ¥å…¬å‘Š',1,'xin.altitude.cms.system.controller.SysNoticeController.add()','POST',1,'admin','','/system/notice','127.0.0.1','å†…ç½‘IP','{\"noticeContent\":\"<h1>3123123</h1><h2>3213123123213</h2><h5>31231313</h5><p><br></p><p><br></p><p><br></p><p>312312312daså¤§ä¸‰å¤§å››çš„</p>\",\"createBy\":\"admin\",\"noticeType\":\"1\",\"params\":{},\"noticeId\":3,\"noticeTitle\":\"123123123\",\"status\":\"0\"}','{\"msg\":\"æ“ä½œæˆåŠŸ\",\"code\":200}',0,'',NULL),(39,'è§’è‰²ç®¡ç†',1,'xin.altitude.cms.common.SysRoleController.add()','POST',1,'admin','','/system/role','127.0.0.1','å†…ç½‘IP','{\"flag\":false,\"roleId\":3,\"admin\":false,\"params\":{},\"roleSort\":\"3\",\"deptCheckStrictly\":true,\"createBy\":\"admin\",\"menuCheckStrictly\":true,\"roleKey\":\"31231231313123131231312\",\"roleName\":\"32112312312312\",\"deptIds\":[],\"menuIds\":[1,100,1001,1002,1003,1004,1005,1006,1007,101,1008,1009,1010,1011,1012,102,1013,1014,1015,1016,103,1017,1018,1019,1020,104,1021,1022,1023,1024,1025,105,1026,1027,1028,1029,1030,106,1031,1032,1033,1034,1035,107,1036,1037,1038,1039,108,500,1040,1041,1042,501,1043,1044,1045],\"status\":\"0\"}','{\"msg\":\"æ“ä½œæˆåŠŸ\",\"code\":200}',0,'',NULL),(40,'è§’è‰²ç®¡ç†',4,'xin.altitude.cms.common.SysRoleController.selectAuthUserAll()','PUT',1,'admin','','/system/role/authUser/selectAll','127.0.0.1','å†…ç½‘IP','3 [3]','{\"msg\":\"æ“ä½œæˆåŠŸ\",\"code\":200}',0,'',NULL),(41,'ç”¨æˆ·ç®¡ç†',2,'xin.altitude.cms.system.controller.SysUserController.edit()','PUT',1,'admin','','/system/user','127.0.0.1','å†…ç½‘IP','{\"phonenumber\":\"18511112222\",\"admin\":false,\"delFlag\":\"0\",\"password\":\"\",\"updateBy\":\"admin\",\"postIds\":[1],\"loginIp\":\"\",\"email\":\"\",\"nickName\":\"321\",\"sex\":\"0\",\"deptId\":100,\"avatar\":\"\",\"dept\":{\"deptName\":\"è‹¥ä¾ç§‘æŠ€\",\"leader\":\"è‹¥ä¾\",\"deptId\":100,\"orderNum\":\"0\",\"delFlag\":\"0\",\"params\":{},\"parentId\":0,\"createBy\":\"admin\",\"children\":[],\"createTime\":1637546274000,\"phone\":\"15888888888\",\"updateBy\":\"\",\"ancestors\":\"0\",\"email\":\"ry@qq.com\",\"status\":\"0\"},\"params\":{},\"userName\":\"32131233\",\"userId\":3,\"createBy\":\"admin\",\"roleIds\":[3],\"status\":\"0\"}','{\"msg\":\"æ“ä½œæˆåŠŸ\",\"code\":200}',0,'',NULL),(42,'å­—å…¸ç±»å‹',9,'xin.altitude.cms.system.controller.SysDictTypeController.refreshCache()','DELETE',1,'admin','','/system/dict/type/refreshCache','127.0.0.1','å†…ç½‘IP','{}','{\"msg\":\"æ“ä½œæˆåŠŸ\",\"code\":200}',0,'',NULL),(43,'èœå•ç®¡ç†',2,'xin.altitude.cms.system.controller.SysMenuController.edit()','PUT',1,'admin','','/system/menu','127.0.0.1','å†…ç½‘IP','{\"visible\":\"0\",\"query\":\"\",\"icon\":\"form\",\"orderNum\":\"9\",\"menuName\":\"æ“ä½œæ—¥å¿—\",\"remark\":\"æ“ä½œæ—¥å¿—èœå•\",\"params\":{},\"parentId\":1,\"isCache\":\"0\",\"path\":\"operlog\",\"component\":\"monitor/operlog/index\",\"createBy\":\"admin\",\"children\":[],\"createTime\":1637546274000,\"updateBy\":\"admin\",\"isFrame\":\"1\",\"menuId\":500,\"menuType\":\"C\",\"perms\":\"monitor:operlog:list\",\"status\":\"0\"}','',1,'nested exception is org.apache.ibatis.exceptions.PersistenceException: \n### Error updating database.  Cause: com.baomidou.mybatisplus.core.exceptions.MybatisPlusException: Failed to process, Error SQL: UPDATE sys_menu  SET menu_name=?,\nparent_id=?,\norder_num=?,\npath=?,\ncomponent=?,\nquery=?,\nis_frame=?,\nis_cache=?,\nmenu_type=?,\nvisible=?,\nstatus=?,\nperms=?,\nicon=?,\ncreate_by=?,\ncreate_time=?,\nupdate_by=?,\n\nremark=?  WHERE menu_id=?\n### The error may exist in xin/altitude/cms/system/mapper/SysMenuMapper.java (best guess)\n### The error may involve xin.altitude.cms.system.mapper.SysMenuMapper.updateById\n### The error occurred while executing an update\n### Cause: com.baomidou.mybatisplus.core.exceptions.MybatisPlusException: Failed to process, Error SQL: UPDATE sys_menu  SET menu_name=?,\nparent_id=?,\norder_num=?,\npath=?,\ncomponent=?,\nquery=?,\nis_frame=?,\nis_cache=?,\nmenu_type=?,\nvisible=?,\nstatus=?,\nperms=?,\nicon=?,\ncreate_by=?,\ncreate_time=?,\nupdate_by=?,\n\nremark=?  WHERE menu_id=?',NULL),(44,'èœå•ç®¡ç†',2,'xin.altitude.cms.system.controller.SysMenuController.edit()','PUT',1,'admin','','/system/menu','127.0.0.1','å†…ç½‘IP','{\"visible\":\"0\",\"query\":\"\",\"icon\":\"form\",\"orderNum\":\"9\",\"menuName\":\"æ“ä½œæ—¥å¿—\",\"remark\":\"æ“ä½œæ—¥å¿—èœå•\",\"params\":{},\"parentId\":1,\"isCache\":\"0\",\"path\":\"operlog\",\"component\":\"monitor/operlog/index\",\"createBy\":\"admin\",\"children\":[],\"createTime\":1637546274000,\"updateBy\":\"admin\",\"isFrame\":\"1\",\"menuId\":500,\"menuType\":\"C\",\"perms\":\"monitor:operlog:list\",\"status\":\"0\"}','',1,'nested exception is org.apache.ibatis.exceptions.PersistenceException: \n### Error updating database.  Cause: com.baomidou.mybatisplus.core.exceptions.MybatisPlusException: Failed to process, Error SQL: UPDATE sys_menu  SET menu_name=?,\nparent_id=?,\norder_num=?,\npath=?,\ncomponent=?,\nquery=?,\nis_frame=?,\nis_cache=?,\nmenu_type=?,\nvisible=?,\nstatus=?,\nperms=?,\nicon=?,\ncreate_by=?,\ncreate_time=?,\nupdate_by=?,\n\nremark=?  WHERE menu_id=?\n### The error may exist in xin/altitude/cms/system/mapper/SysMenuMapper.java (best guess)\n### The error may involve xin.altitude.cms.system.mapper.SysMenuMapper.updateById\n### The error occurred while executing an update\n### Cause: com.baomidou.mybatisplus.core.exceptions.MybatisPlusException: Failed to process, Error SQL: UPDATE sys_menu  SET menu_name=?,\nparent_id=?,\norder_num=?,\npath=?,\ncomponent=?,\nquery=?,\nis_frame=?,\nis_cache=?,\nmenu_type=?,\nvisible=?,\nstatus=?,\nperms=?,\nicon=?,\ncreate_by=?,\ncreate_time=?,\nupdate_by=?,\n\nremark=?  WHERE menu_id=?',NULL),(45,'èœå•ç®¡ç†',2,'xin.altitude.cms.system.controller.SysMenuController.edit()','PUT',1,'admin','','/system/menu','127.0.0.1','å†…ç½‘IP','{\"visible\":\"0\",\"query\":\"\",\"icon\":\"form\",\"orderNum\":\"9\",\"menuName\":\"æ“ä½œæ—¥å¿—\",\"remark\":\"æ“ä½œæ—¥å¿—èœå•\",\"params\":{},\"parentId\":1,\"isCache\":\"0\",\"path\":\"operlog\",\"component\":\"monitor/operlog/index\",\"createBy\":\"admin\",\"children\":[],\"createTime\":1637546274000,\"updateBy\":\"admin\",\"isFrame\":\"1\",\"menuId\":500,\"menuType\":\"C\",\"perms\":\"monitor:operlog:list\",\"status\":\"0\"}','',1,'nested exception is org.apache.ibatis.exceptions.PersistenceException: \n### Error updating database.  Cause: com.baomidou.mybatisplus.core.exceptions.MybatisPlusException: Failed to process, Error SQL: UPDATE sys_menu  SET menu_name=?,\nparent_id=?,\norder_num=?,\npath=?,\ncomponent=?,\nquery=?,\nis_frame=?,\nis_cache=?,\nmenu_type=?,\nvisible=?,\nstatus=?,\nperms=?,\nicon=?,\ncreate_by=?,\ncreate_time=?,\nupdate_by=?,\n\nremark=?  WHERE menu_id=?\n### The error may exist in xin/altitude/cms/system/mapper/SysMenuMapper.java (best guess)\n### The error may involve xin.altitude.cms.system.mapper.SysMenuMapper.updateById\n### The error occurred while executing an update\n### Cause: com.baomidou.mybatisplus.core.exceptions.MybatisPlusException: Failed to process, Error SQL: UPDATE sys_menu  SET menu_name=?,\nparent_id=?,\norder_num=?,\npath=?,\ncomponent=?,\nquery=?,\nis_frame=?,\nis_cache=?,\nmenu_type=?,\nvisible=?,\nstatus=?,\nperms=?,\nicon=?,\ncreate_by=?,\ncreate_time=?,\nupdate_by=?,\n\nremark=?  WHERE menu_id=?',NULL),(46,'èœå•ç®¡ç†',2,'xin.altitude.cms.system.controller.SysMenuController.edit()','PUT',1,'admin','','/system/menu','127.0.0.1','å†…ç½‘IP','{\"visible\":\"0\",\"query\":\"\",\"icon\":\"form\",\"orderNum\":\"9\",\"menuName\":\"æ“ä½œæ—¥å¿—\",\"remark\":\"æ“ä½œæ—¥å¿—èœå•\",\"params\":{},\"parentId\":1,\"isCache\":\"0\",\"path\":\"operlog\",\"component\":\"monitor/operlog/index\",\"createBy\":\"admin\",\"children\":[],\"createTime\":1637546274000,\"updateBy\":\"admin\",\"isFrame\":\"1\",\"menuId\":500,\"menuType\":\"C\",\"perms\":\"monitor:operlog:list\",\"status\":\"0\"}','',1,'nested exception is org.apache.ibatis.exceptions.PersistenceException: \n### Error updating database.  Cause: com.baomidou.mybatisplus.core.exceptions.MybatisPlusException: Failed to process, Error SQL: UPDATE sys_menu  SET menu_name=?,\nparent_id=?,\norder_num=?,\npath=?,\ncomponent=?,\nquery=?,\nis_frame=?,\nis_cache=?,\nmenu_type=?,\nvisible=?,\nstatus=?,\nperms=?,\nicon=?,\ncreate_by=?,\ncreate_time=?,\nupdate_by=?,\n\nremark=?  WHERE menu_id=?\n### The error may exist in xin/altitude/cms/system/mapper/SysMenuMapper.java (best guess)\n### The error may involve xin.altitude.cms.system.mapper.SysMenuMapper.updateById\n### The error occurred while executing an update\n### Cause: com.baomidou.mybatisplus.core.exceptions.MybatisPlusException: Failed to process, Error SQL: UPDATE sys_menu  SET menu_name=?,\nparent_id=?,\norder_num=?,\npath=?,\ncomponent=?,\nquery=?,\nis_frame=?,\nis_cache=?,\nmenu_type=?,\nvisible=?,\nstatus=?,\nperms=?,\nicon=?,\ncreate_by=?,\ncreate_time=?,\nupdate_by=?,\n\nremark=?  WHERE menu_id=?',NULL),(47,'èœå•ç®¡ç†',2,'xin.altitude.cms.system.controller.SysMenuController.edit()','PUT',1,'admin','','/system/menu','127.0.0.1','å†…ç½‘IP','{\"visible\":\"0\",\"query\":\"\",\"icon\":\"form\",\"orderNum\":\"9\",\"menuName\":\"æ“ä½œæ—¥å¿—\",\"remark\":\"æ“ä½œæ—¥å¿—èœå•\",\"params\":{},\"parentId\":1,\"isCache\":\"0\",\"path\":\"operlog\",\"component\":\"monitor/operlog/index\",\"createBy\":\"admin\",\"children\":[],\"createTime\":1637546274000,\"updateBy\":\"admin\",\"isFrame\":\"1\",\"menuId\":500,\"menuType\":\"C\",\"perms\":\"monitor:operlog:list\",\"status\":\"0\"}','',1,'nested exception is org.apache.ibatis.exceptions.PersistenceException: \n### Error updating database.  Cause: com.baomidou.mybatisplus.core.exceptions.MybatisPlusException: Failed to process, Error SQL: UPDATE sys_menu  SET menu_name=?,\nparent_id=?,\norder_num=?,\npath=?,\ncomponent=?,\nquery=?,\nis_frame=?,\nis_cache=?,\nmenu_type=?,\nvisible=?,\nstatus=?,\nperms=?,\nicon=?,\ncreate_by=?,\ncreate_time=?,\nupdate_by=?,\n\nremark=?  WHERE menu_id=?\n### The error may exist in xin/altitude/cms/system/mapper/SysMenuMapper.java (best guess)\n### The error may involve xin.altitude.cms.system.mapper.SysMenuMapper.updateById\n### The error occurred while executing an update\n### Cause: com.baomidou.mybatisplus.core.exceptions.MybatisPlusException: Failed to process, Error SQL: UPDATE sys_menu  SET menu_name=?,\nparent_id=?,\norder_num=?,\npath=?,\ncomponent=?,\nquery=?,\nis_frame=?,\nis_cache=?,\nmenu_type=?,\nvisible=?,\nstatus=?,\nperms=?,\nicon=?,\ncreate_by=?,\ncreate_time=?,\nupdate_by=?,\n\nremark=?  WHERE menu_id=?',NULL),(48,'èœå•ç®¡ç†',2,'xin.altitude.cms.system.controller.SysMenuController.edit()','PUT',1,'admin','','/system/menu','127.0.0.1','å†…ç½‘IP','{\"visible\":\"0\",\"query\":\"\",\"icon\":\"form\",\"orderNum\":\"9\",\"menuName\":\"æ“ä½œæ—¥å¿—\",\"remark\":\"æ“ä½œæ—¥å¿—èœå•\",\"params\":{},\"parentId\":1,\"isCache\":\"0\",\"path\":\"operlog\",\"component\":\"monitor/operlog/index\",\"createBy\":\"admin\",\"children\":[],\"createTime\":1637546274000,\"updateBy\":\"admin\",\"isFrame\":\"1\",\"menuId\":500,\"menuType\":\"C\",\"perms\":\"monitor:operlog:list\",\"status\":\"0\"}','{\"msg\":\"æ“ä½œæˆåŠŸ\",\"code\":200}',0,'',NULL),(49,'èœå•ç®¡ç†',2,'xin.altitude.cms.system.controller.SysMenuController.edit()','PUT',1,'admin','','/system/menu','127.0.0.1','å†…ç½‘IP','{\"visible\":\"0\",\"query\":\"\",\"icon\":\"logininfor\",\"orderNum\":\"10\",\"menuName\":\"ç™»å½•æ—¥å¿—\",\"remark\":\"ç™»å½•æ—¥å¿—èœå•\",\"params\":{},\"parentId\":1,\"isCache\":\"0\",\"path\":\"logininfor\",\"component\":\"monitor/logininfor/index\",\"createBy\":\"admin\",\"children\":[],\"createTime\":1637546274000,\"updateBy\":\"admin\",\"isFrame\":\"1\",\"menuId\":501,\"menuType\":\"C\",\"perms\":\"monitor:logininfor:list\",\"status\":\"0\"}','{\"msg\":\"æ“ä½œæˆåŠŸ\",\"code\":200}',0,'',NULL),(50,'èœå•ç®¡ç†',2,'xin.altitude.cms.system.controller.SysMenuController.edit()','PUT',1,'admin','','/system/menu','127.0.0.1','å†…ç½‘IP','{\"visible\":\"1\",\"query\":\"\",\"icon\":\"log\",\"orderNum\":\"9\",\"menuName\":\"æ—¥å¿—ç®¡ç†\",\"remark\":\"æ—¥å¿—ç®¡ç†èœå•\",\"params\":{},\"parentId\":1,\"isCache\":\"0\",\"path\":\"log\",\"component\":\"\",\"createBy\":\"admin\",\"children\":[],\"createTime\":1637546274000,\"updateBy\":\"admin\",\"isFrame\":\"1\",\"menuId\":108,\"menuType\":\"M\",\"perms\":\"\",\"status\":\"0\"}','{\"msg\":\"æ“ä½œæˆåŠŸ\",\"code\":200}',0,'',NULL),(51,'èœå•ç®¡ç†',2,'xin.altitude.cms.system.controller.SysMenuController.edit()','PUT',1,'admin','','/system/menu','127.0.0.1','å†…ç½‘IP','{\"visible\":\"0\",\"query\":\"\",\"icon\":\"online\",\"orderNum\":\"11\",\"menuName\":\"åœ¨çº¿ç”¨æˆ·\",\"remark\":\"åœ¨çº¿ç”¨æˆ·èœå•\",\"params\":{},\"parentId\":1,\"isCache\":\"0\",\"path\":\"online\",\"component\":\"monitor/online/index\",\"createBy\":\"admin\",\"children\":[],\"createTime\":1637546274000,\"updateBy\":\"admin\",\"isFrame\":\"1\",\"menuId\":109,\"menuType\":\"C\",\"perms\":\"monitor:online:list\",\"status\":\"0\"}','{\"msg\":\"æ“ä½œæˆåŠŸ\",\"code\":200}',0,'',NULL),(52,'èœå•ç®¡ç†',2,'xin.altitude.cms.system.controller.SysMenuController.edit()','PUT',1,'admin','','/system/menu','127.0.0.1','å†…ç½‘IP','{\"visible\":\"0\",\"query\":\"\",\"icon\":\"server\",\"orderNum\":\"12\",\"menuName\":\"æœåŠ¡ç›‘æ§\",\"remark\":\"æœåŠ¡ç›‘æ§èœå•\",\"params\":{},\"parentId\":1,\"isCache\":\"0\",\"path\":\"server\",\"component\":\"monitor/server/index\",\"createBy\":\"admin\",\"children\":[],\"createTime\":1637546274000,\"updateBy\":\"admin\",\"isFrame\":\"1\",\"menuId\":112,\"menuType\":\"C\",\"perms\":\"monitor:server:list\",\"status\":\"0\"}','{\"msg\":\"æ“ä½œæˆåŠŸ\",\"code\":200}',0,'',NULL),(53,'å­—å…¸ç±»å‹',5,'xin.altitude.cms.system.controller.SysDictTypeController.export()','POST',1,'admin','','/system/dict/type/export','127.0.0.1','å†…ç½‘IP','{\"params\":{}}','',0,'',NULL),(54,'å­—å…¸ç±»å‹',1,'xin.altitude.cms.system.controller.SysDictTypeController.add()','POST',1,'admin','','/system/dict/type','127.0.0.1','å†…ç½‘IP','{\"createBy\":\"admin\",\"dictName\":\"DD\",\"remark\":\"DD\",\"dictId\":11,\"params\":{},\"dictType\":\"DD\",\"status\":\"0\"}','{\"msg\":\"æ“ä½œæˆåŠŸ\",\"code\":200}',0,'',NULL),(55,'èœå•ç®¡ç†',2,'xin.altitude.cms.system.controller.SysMenuProController.edit()','PUT',1,'admin','','/cms-api/system/menu','192.168.181.162','å†…ç½‘IP','{\"visible\":\"0\",\"query\":\"\",\"icon\":\"code\",\"orderNum\":\"3\",\"menuName\":\"ä»£ç ç”Ÿæˆ\",\"remark\":\"ä»£ç ç”Ÿæˆèœå•\",\"params\":{},\"parentId\":0,\"isCache\":\"0\",\"path\":\"gen\",\"component\":\"tool/gen/index\",\"createBy\":\"admin\",\"children\":[],\"createTime\":1637546274000,\"updateBy\":\"admin\",\"isFrame\":\"1\",\"menuId\":115,\"menuType\":\"C\",\"perms\":\"tool:gen:list\",\"status\":\"0\"}','{\"code\":200,\"msg\":\"æ“ä½œæˆåŠŸ\"}',0,'',NULL),(56,'èœå•ç®¡ç†',2,'xin.altitude.cms.system.controller.SysMenuProController.edit()','PUT',1,'admin','','/cms-api/system/menu','192.168.181.162','å†…ç½‘IP','{\"visible\":\"0\",\"query\":\"\",\"icon\":\"monitor\",\"orderNum\":\"6\",\"menuName\":\"ç³»ç»Ÿç›‘æ§\",\"remark\":\"ç³»ç»Ÿç›‘æ§ç›®å½•\",\"params\":{},\"parentId\":0,\"isCache\":\"0\",\"path\":\"monitor\",\"createBy\":\"admin\",\"children\":[],\"createTime\":1637546274000,\"updateBy\":\"admin\",\"isFrame\":\"1\",\"menuId\":2,\"menuType\":\"M\",\"perms\":\"\",\"status\":\"0\"}','{\"code\":200,\"msg\":\"æ“ä½œæˆåŠŸ\"}',0,'',NULL),(57,'èœå•ç®¡ç†',2,'xin.altitude.cms.system.controller.SysMenuProController.edit()','PUT',1,'admin','','/cms-api/system/menu','192.168.181.162','å†…ç½‘IP','{\"visible\":\"0\",\"query\":\"\",\"icon\":\"tool\",\"orderNum\":\"7\",\"menuName\":\"ç³»ç»Ÿå·¥å…·\",\"remark\":\"ç³»ç»Ÿå·¥å…·ç›®å½•\",\"params\":{},\"parentId\":0,\"isCache\":\"0\",\"path\":\"tool\",\"createBy\":\"admin\",\"children\":[],\"createTime\":1637546274000,\"updateBy\":\"admin\",\"isFrame\":\"1\",\"menuId\":3,\"menuType\":\"M\",\"perms\":\"\",\"status\":\"0\"}','{\"code\":200,\"msg\":\"æ“ä½œæˆåŠŸ\"}',0,'',NULL),(58,'èœå•ç®¡ç†',2,'xin.altitude.cms.system.controller.SysMenuProController.edit()','PUT',1,'admin','','/cms-api/system/menu','192.168.181.162','å†…ç½‘IP','{\"visible\":\"0\",\"query\":\"\",\"icon\":\"swagger\",\"orderNum\":\"4\",\"menuName\":\"ç³»ç»Ÿæ¥å£\",\"remark\":\"ç³»ç»Ÿæ¥å£èœå•\",\"params\":{},\"parentId\":0,\"isCache\":\"0\",\"path\":\"swagger\",\"component\":\"tool/swagger/index\",\"createBy\":\"admin\",\"children\":[],\"createTime\":1637546274000,\"updateBy\":\"admin\",\"isFrame\":\"1\",\"menuId\":116,\"menuType\":\"C\",\"perms\":\"tool:swagger:list\",\"status\":\"0\"}','{\"code\":200,\"msg\":\"æ“ä½œæˆåŠŸ\"}',0,'',NULL),(59,'èœå•ç®¡ç†',3,'xin.altitude.cms.system.controller.SysMenuProController.remove()','DELETE',1,'admin','','/cms-api/system/menu/1055','192.168.181.162','å†…ç½‘IP','{menuId=1055}','{\"code\":500,\"msg\":\"èœå•å·²åˆ†é…,ä¸å…è®¸åˆ é™¤\"}',0,'',NULL),(60,'èœå•ç®¡ç†',2,'xin.altitude.cms.system.controller.SysMenuProController.edit()','PUT',1,'admin','','/cms-api/system/menu','192.168.181.162','å†…ç½‘IP','{\"visible\":\"0\",\"query\":\"\",\"icon\":\"swagger\",\"orderNum\":\"4\",\"menuName\":\"ç³»ç»Ÿæ¥å£\",\"remark\":\"ç³»ç»Ÿæ¥å£èœå•\",\"updateTime\":1641368520000,\"params\":{},\"parentId\":0,\"isCache\":\"1\",\"path\":\"/doc.html\",\"component\":\"tool/swagger/index\",\"createBy\":\"admin\",\"children\":[],\"createTime\":1637546274000,\"updateBy\":\"admin\",\"isFrame\":\"0\",\"menuId\":116,\"menuType\":\"C\",\"perms\":\"tool:swagger:list\",\"status\":\"0\"}','{\"code\":500,\"msg\":\"ä¿®æ”¹èœå•\'ç³»ç»Ÿæ¥å£\'å¤±è´¥ï¼Œåœ°å€å¿…é¡»ä»¥http(s)://å¼€å¤´\"}',0,'',NULL),(61,'èœå•ç®¡ç†',2,'xin.altitude.cms.system.controller.SysMenuProController.edit()','PUT',1,'admin','','/cms-api/system/menu','192.168.181.162','å†…ç½‘IP','{\"visible\":\"0\",\"query\":\"\",\"icon\":\"swagger\",\"orderNum\":\"4\",\"menuName\":\"ç³»ç»Ÿæ¥å£\",\"remark\":\"ç³»ç»Ÿæ¥å£èœå•\",\"updateTime\":1641368520000,\"params\":{},\"parentId\":0,\"isCache\":\"1\",\"path\":\"/doc.html\",\"component\":\"tool/swagger/index\",\"createBy\":\"admin\",\"children\":[],\"createTime\":1637546274000,\"updateBy\":\"admin\",\"isFrame\":\"1\",\"menuId\":116,\"menuType\":\"C\",\"perms\":\"tool:swagger:list\",\"status\":\"0\"}','{\"code\":200,\"msg\":\"æ“ä½œæˆåŠŸ\"}',0,'',NULL),(62,'èœå•ç®¡ç†',2,'xin.altitude.cms.system.controller.SysMenuProController.edit()','PUT',1,'admin','','/cms-api/system/menu','192.168.181.162','å†…ç½‘IP','{\"visible\":\"0\",\"query\":\"\",\"icon\":\"swagger\",\"orderNum\":\"4\",\"menuName\":\"ç³»ç»Ÿæ¥å£\",\"remark\":\"ç³»ç»Ÿæ¥å£èœå•\",\"updateTime\":1641368520000,\"params\":{},\"parentId\":0,\"isCache\":\"1\",\"path\":\"/doc.html\",\"component\":\"tool/swagger/index\",\"createBy\":\"admin\",\"children\":[],\"createTime\":1637546274000,\"updateBy\":\"admin\",\"isFrame\":\"0\",\"menuId\":116,\"menuType\":\"C\",\"perms\":\"tool:swagger:list\",\"status\":\"0\"}','{\"code\":500,\"msg\":\"ä¿®æ”¹èœå•\'ç³»ç»Ÿæ¥å£\'å¤±è´¥ï¼Œåœ°å€å¿…é¡»ä»¥http(s)://å¼€å¤´\"}',0,'',NULL),(63,'èœå•ç®¡ç†',2,'xin.altitude.cms.system.controller.SysMenuProController.edit()','PUT',1,'admin','','/cms-api/system/menu','192.168.181.162','å†…ç½‘IP','{\"visible\":\"0\",\"query\":\"\",\"icon\":\"swagger\",\"orderNum\":\"4\",\"menuName\":\"ç³»ç»Ÿæ¥å£\",\"remark\":\"ç³»ç»Ÿæ¥å£èœå•\",\"updateTime\":1641368520000,\"params\":{},\"parentId\":0,\"isCache\":\"1\",\"path\":\"/doc.html\",\"component\":\"tool/swagger/index\",\"createBy\":\"admin\",\"children\":[],\"createTime\":1637546274000,\"updateBy\":\"admin\",\"isFrame\":\"0\",\"menuId\":116,\"menuType\":\"C\",\"perms\":\"tool:swagger:list\",\"status\":\"0\"}','{\"code\":500,\"msg\":\"ä¿®æ”¹èœå•\'ç³»ç»Ÿæ¥å£\'å¤±è´¥ï¼Œåœ°å€å¿…é¡»ä»¥http(s)://å¼€å¤´\"}',0,'',NULL),(64,'èœå•ç®¡ç†',2,'xin.altitude.cms.system.controller.SysMenuProController.edit()','PUT',1,'admin','','/cms-api/system/menu','192.168.181.162','å†…ç½‘IP','{\"visible\":\"0\",\"query\":\"\",\"icon\":\"swagger\",\"orderNum\":\"4\",\"menuName\":\"ç³»ç»Ÿæ¥å£\",\"remark\":\"ç³»ç»Ÿæ¥å£èœå•\",\"updateTime\":1641368520000,\"params\":{},\"parentId\":0,\"isCache\":\"1\",\"path\":\"/doc.html\",\"component\":\"tool/swagger/index\",\"createBy\":\"admin\",\"children\":[],\"createTime\":1637546274000,\"updateBy\":\"admin\",\"isFrame\":\"0\",\"menuId\":116,\"menuType\":\"C\",\"perms\":\"tool:swagger:list\",\"status\":\"0\"}','{\"code\":500,\"msg\":\"ä¿®æ”¹èœå•\'ç³»ç»Ÿæ¥å£\'å¤±è´¥ï¼Œåœ°å€å¿…é¡»ä»¥http(s)://å¼€å¤´\"}',0,'',NULL),(65,'èœå•ç®¡ç†',2,'xin.altitude.cms.system.controller.SysMenuProController.edit()','PUT',1,'admin','','/cms-api/system/menu','192.168.181.162','å†…ç½‘IP','{\"visible\":\"0\",\"query\":\"\",\"icon\":\"swagger\",\"orderNum\":\"4\",\"menuName\":\"ç³»ç»Ÿæ¥å£\",\"remark\":\"ç³»ç»Ÿæ¥å£èœå•\",\"updateTime\":1641368520000,\"params\":{},\"parentId\":0,\"isCache\":\"1\",\"path\":\"/doc.html\",\"component\":\"tool/swagger/index\",\"createBy\":\"admin\",\"children\":[],\"createTime\":1637546274000,\"updateBy\":\"admin\",\"isFrame\":\"0\",\"menuId\":116,\"menuType\":\"C\",\"perms\":\"tool:swagger:list\",\"status\":\"0\"}','{\"code\":500,\"msg\":\"ä¿®æ”¹èœå•\'ç³»ç»Ÿæ¥å£\'å¤±è´¥ï¼Œåœ°å€å¿…é¡»ä»¥http(s)://å¼€å¤´\"}',0,'',NULL),(66,'èœå•ç®¡ç†',2,'xin.altitude.cms.system.controller.SysMenuProController.edit()','PUT',1,'admin','','/cms-api/system/menu','192.168.181.162','å†…ç½‘IP','{\"visible\":\"0\",\"query\":\"\",\"icon\":\"swagger\",\"orderNum\":\"4\",\"menuName\":\"ç³»ç»Ÿæ¥å£\",\"remark\":\"ç³»ç»Ÿæ¥å£èœå•\",\"updateTime\":1641368520000,\"params\":{},\"parentId\":0,\"isCache\":\"1\",\"path\":\"http://192.168.181.162:8080/doc.html\",\"component\":\"tool/swagger/index\",\"createBy\":\"admin\",\"children\":[],\"createTime\":1637546274000,\"updateBy\":\"admin\",\"isFrame\":\"0\",\"menuId\":116,\"menuType\":\"C\",\"perms\":\"tool:swagger:list\",\"status\":\"0\"}','{\"code\":200,\"msg\":\"æ“ä½œæˆåŠŸ\"}',0,'',NULL),(67,'è§’è‰²ç®¡ç†',5,'xin.altitude.cms.system.controller.SysRoleProController.export()','POST',1,'admin','','/cms-api/system/role/export','127.0.0.1','å†…ç½‘IP','{\"flag\":false,\"admin\":false,\"params\":{\"dataScope\":\"\"}}','',0,'',NULL),(68,'ç”¨æˆ·ç®¡ç†',2,'xin.altitude.cms.system.controller.SysUserProController.changeStatus()','PUT',1,'admin','','/cms-api/system/user/changeStatus','127.0.0.1','å†…ç½‘IP','{\"admin\":true,\"params\":{},\"userId\":1,\"status\":\"1\"}','',1,'ä¸å…è®¸æ“ä½œè¶…çº§ç®¡ç†å‘˜ç”¨æˆ·',NULL),(69,'ç”¨æˆ·ç®¡ç†',2,'xin.altitude.cms.system.controller.SysUserProController.changeStatus()','PUT',1,'admin','','/cms-api/system/user/changeStatus','127.0.0.1','å†…ç½‘IP','{\"admin\":false,\"updateBy\":\"admin\",\"params\":{},\"userId\":2,\"status\":\"1\"}','{\"code\":200,\"msg\":\"æ“ä½œæˆåŠŸ\"}',0,'',NULL),(70,'ç”¨æˆ·ç®¡ç†',2,'xin.altitude.cms.system.controller.SysUserProController.changeStatus()','PUT',1,'admin','','/cms-api/system/user/changeStatus','127.0.0.1','å†…ç½‘IP','{\"admin\":false,\"updateBy\":\"admin\",\"params\":{},\"userId\":2,\"status\":\"0\"}','{\"code\":200,\"msg\":\"æ“ä½œæˆåŠŸ\"}',0,'',NULL),(71,'å®šæ—¶ä»»åŠ¡',1,'xin.altitude.cms.job.controller.SysJobController.add()','POST',1,'admin','','/cms-api/monitor/job','127.0.0.1','å†…ç½‘IP','{\"cronExpression\":\"* * * * * ?\",\"jobName\":\"æ¯æ—¥æ›´æ–°æ•°æ®\",\"jobId\":4,\"nextValidTime\":1641971442000,\"invokeTarget\":\"ryTask.ryParams(\'ry\')\",\"concurrent\":\"1\",\"misfirePolicy\":\"3\",\"jobGroup\":\"DEFAULT\",\"status\":\"1\"}','{\"code\":200,\"msg\":\"æ“ä½œæˆåŠŸ\"}',0,'',NULL),(72,'å®šæ—¶ä»»åŠ¡',2,'xin.altitude.cms.job.controller.SysJobController.changeStatus()','PUT',1,'admin','','/cms-api/monitor/job/changeStatus','127.0.0.1','å†…ç½‘IP','{\"jobId\":1,\"status\":\"0\"}','',1,'\n### Error updating database.  Cause: com.mysql.cj.jdbc.exceptions.MysqlDataTruncation: Data truncation: Incorrect datetime value: \'09:57:56\' for column \'create_time\' at row 1\n### The error may exist in xin/altitude/cms/job/mapper/SysJobMapper.java (best guess)\n### The error may involve xin.altitude.cms.job.mapper.SysJobMapper.updateById-Inline\n### The error occurred while setting parameters\n### SQL: UPDATE sys_job  SET job_name=?, job_group=?, invoke_target=?, cron_expression=?, misfire_policy=?, concurrent=?, status=?, create_time=?,  deleted=?  WHERE job_id=?\n### Cause: com.mysql.cj.jdbc.exceptions.MysqlDataTruncation: Data truncation: Incorrect datetime value: \'09:57:56\' for column \'create_time\' at row 1\n; Data truncation: Incorrect datetime value: \'09:57:56\' for column \'create_time\' at row 1; nested exception is com.mysql.cj.jdbc.exceptions.MysqlDataTruncation: Data truncation: Incorrect datetime value: \'09:57:56\' for column \'create_time\' at row 1',NULL),(73,'å®šæ—¶ä»»åŠ¡',2,'xin.altitude.cms.job.controller.SysJobController.changeStatus()','PUT',1,'admin','','/cms-api/monitor/job/changeStatus','127.0.0.1','å†…ç½‘IP','{\"jobId\":1,\"status\":\"0\"}','',1,'\n### Error updating database.  Cause: com.mysql.cj.jdbc.exceptions.MysqlDataTruncation: Data truncation: Incorrect datetime value: \'09:57:56\' for column \'create_time\' at row 1\n### The error may exist in xin/altitude/cms/job/mapper/SysJobMapper.java (best guess)\n### The error may involve xin.altitude.cms.job.mapper.SysJobMapper.updateById-Inline\n### The error occurred while setting parameters\n### SQL: UPDATE sys_job  SET job_name=?, job_group=?, invoke_target=?, cron_expression=?, misfire_policy=?, concurrent=?, status=?, create_time=?,  deleted=?  WHERE job_id=?\n### Cause: com.mysql.cj.jdbc.exceptions.MysqlDataTruncation: Data truncation: Incorrect datetime value: \'09:57:56\' for column \'create_time\' at row 1\n; Data truncation: Incorrect datetime value: \'09:57:56\' for column \'create_time\' at row 1; nested exception is com.mysql.cj.jdbc.exceptions.MysqlDataTruncation: Data truncation: Incorrect datetime value: \'09:57:56\' for column \'create_time\' at row 1',NULL),(74,'å®šæ—¶ä»»åŠ¡',2,'xin.altitude.cms.job.controller.SysJobController.changeStatus()','PUT',1,'admin','','/cms-api/monitor/job/changeStatus','127.0.0.1','å†…ç½‘IP','{\"jobId\":1,\"status\":\"0\"}','{\"code\":200,\"msg\":\"æ“ä½œæˆåŠŸ\"}',0,'',NULL),(75,'å®šæ—¶ä»»åŠ¡',2,'xin.altitude.cms.job.controller.SysJobController.changeStatus()','PUT',1,'admin','','/cms-api/monitor/job/changeStatus','127.0.0.1','å†…ç½‘IP','{\"jobId\":1,\"status\":\"1\"}','{\"code\":200,\"msg\":\"æ“ä½œæˆåŠŸ\"}',0,'',NULL),(76,'å®šæ—¶ä»»åŠ¡',2,'xin.altitude.cms.job.controller.SysJobController.edit()','PUT',1,'admin','','/cms-api/monitor/job','127.0.0.1','å†…ç½‘IP','{\"cronExpression\":\"* * * * * ?\",\"jobName\":\"ç³»ç»Ÿé»˜è®¤ï¼ˆæ— å‚ï¼‰\",\"jobId\":1,\"nextValidTime\":1641972207000,\"deleted\":false,\"createTime\":\"09:57:56\",\"invokeTarget\":\"ryTask.ryNoParams\",\"concurrent\":\"1\",\"misfirePolicy\":\"3\",\"updateTime\":\"15:18:25\",\"jobGroup\":\"DEFAULT\",\"status\":\"1\"}','',1,'\n### Error updating database.  Cause: com.mysql.cj.jdbc.exceptions.MysqlDataTruncation: Data truncation: Incorrect datetime value: \'09:57:56\' for column \'create_time\' at row 1\n### The error may exist in xin/altitude/cms/job/mapper/SysJobMapper.java (best guess)\n### The error may involve xin.altitude.cms.job.mapper.SysJobMapper.updateById-Inline\n### The error occurred while setting parameters\n### SQL: UPDATE sys_job  SET job_name=?, job_group=?, invoke_target=?, cron_expression=?, misfire_policy=?, concurrent=?, status=?, create_time=?, update_time=?, deleted=?  WHERE job_id=?\n### Cause: com.mysql.cj.jdbc.exceptions.MysqlDataTruncation: Data truncation: Incorrect datetime value: \'09:57:56\' for column \'create_time\' at row 1\n; Data truncation: Incorrect datetime value: \'09:57:56\' for column \'create_time\' at row 1; nested exception is com.mysql.cj.jdbc.exceptions.MysqlDataTruncation: Data truncation: Incorrect datetime value: \'09:57:56\' for column \'create_time\' at row 1',NULL),(77,'å®šæ—¶ä»»åŠ¡',2,'xin.altitude.cms.job.controller.SysJobController.edit()','PUT',1,'admin','','/cms-api/monitor/job','127.0.0.1','å†…ç½‘IP','{\"cronExpression\":\"* * * * * ?\",\"jobName\":\"ç³»ç»Ÿé»˜è®¤ï¼ˆæ— å‚ï¼‰\",\"jobId\":1,\"nextValidTime\":1641973032000,\"deleted\":false,\"createTime\":\"2021-11-22T09:57:56\",\"invokeTarget\":\"ryTask.ryNoParams\",\"concurrent\":\"1\",\"misfirePolicy\":\"3\",\"updateTime\":\"2022-01-12T15:18:25\",\"jobGroup\":\"DEFAULT\",\"status\":\"1\"}','{\"code\":200,\"msg\":\"æ“ä½œæˆåŠŸ\"}',0,'',NULL),(78,'å®šæ—¶ä»»åŠ¡',2,'xin.altitude.cms.job.controller.SysJobController.changeStatus()','PUT',1,'admin','','/cms-api/monitor/job/changeStatus','127.0.0.1','å†…ç½‘IP','{\"jobId\":1,\"status\":\"0\"}','{\"code\":200,\"msg\":\"æ“ä½œæˆåŠŸ\"}',0,'',NULL),(79,'å®šæ—¶ä»»åŠ¡',2,'xin.altitude.cms.job.controller.SysJobController.changeStatus()','PUT',1,'admin','','/cms-api/monitor/job/changeStatus','127.0.0.1','å†…ç½‘IP','{\"jobId\":1,\"status\":\"1\"}','{\"code\":200,\"msg\":\"æ“ä½œæˆåŠŸ\"}',0,'',NULL),(80,'å®šæ—¶ä»»åŠ¡',2,'xin.altitude.cms.job.controller.SysJobController.changeStatus()','PUT',1,'admin','','/cms-api/monitor/job/changeStatus','127.0.0.1','å†…ç½‘IP','{\"jobId\":1,\"status\":\"0\"}','{\"code\":200,\"msg\":\"æ“ä½œæˆåŠŸ\"}',0,'',NULL),(81,'å®šæ—¶ä»»åŠ¡',2,'xin.altitude.cms.job.controller.SysJobController.changeStatus()','PUT',1,'admin','','/cms-api/monitor/job/changeStatus','127.0.0.1','å†…ç½‘IP','{\"jobId\":1,\"status\":\"1\"}','{\"code\":200,\"msg\":\"æ“ä½œæˆåŠŸ\"}',0,'',NULL),(82,'è°ƒåº¦æ—¥å¿—',9,'xin.altitude.cms.job.controller.SysJobLogController.clean()','DELETE',1,'admin','','/cms-api/monitor/jobLog/clean','127.0.0.1','å†…ç½‘IP','{}','',1,'nested exception is org.apache.ibatis.exceptions.PersistenceException: \n### Error updating database.  Cause: com.baomidou.mybatisplus.core.exceptions.MybatisPlusException: Prohibition of full table deletion\n### The error may exist in xin/altitude/cms/job/mapper/SysJobLogMapper.java (best guess)\n### The error may involve xin.altitude.cms.job.mapper.SysJobLogMapper.delete\n### The error occurred while executing an update\n### Cause: com.baomidou.mybatisplus.core.exceptions.MybatisPlusException: Prohibition of full table deletion',NULL),(83,'è°ƒåº¦æ—¥å¿—',9,'xin.altitude.cms.job.controller.SysJobLogController.clean()','DELETE',1,'admin','','/cms-api/monitor/jobLog/clean','127.0.0.1','å†…ç½‘IP','{}','',1,'nested exception is org.apache.ibatis.exceptions.PersistenceException: \n### Error updating database.  Cause: com.baomidou.mybatisplus.core.exceptions.MybatisPlusException: Failed to process, Error SQL: DELETE FROM sys_job_log \n \n WHERE (limit 100)\n### The error may exist in xin/altitude/cms/job/mapper/SysJobLogMapper.java (best guess)\n### The error may involve xin.altitude.cms.job.mapper.SysJobLogMapper.delete\n### The error occurred while executing an update\n### Cause: com.baomidou.mybatisplus.core.exceptions.MybatisPlusException: Failed to process, Error SQL: DELETE FROM sys_job_log \n \n WHERE (limit 100)',NULL),(84,'è°ƒåº¦æ—¥å¿—',9,'xin.altitude.cms.job.controller.SysJobLogController.clean()','DELETE',1,'admin','','/cms-api/monitor/jobLog/clean','127.0.0.1','å†…ç½‘IP','{}','',1,'nested exception is org.apache.ibatis.exceptions.PersistenceException: \n### Error updating database.  Cause: com.baomidou.mybatisplus.core.exceptions.MybatisPlusException: Failed to process, Error SQL: DELETE FROM sys_job_log \n \n WHERE (job_log_id > ? AND limit 100)\n### The error may exist in xin/altitude/cms/job/mapper/SysJobLogMapper.java (best guess)\n### The error may involve xin.altitude.cms.job.mapper.SysJobLogMapper.delete\n### The error occurred while executing an update\n### Cause: com.baomidou.mybatisplus.core.exceptions.MybatisPlusException: Failed to process, Error SQL: DELETE FROM sys_job_log \n \n WHERE (job_log_id > ? AND limit 100)',NULL),(85,'è°ƒåº¦æ—¥å¿—',9,'xin.altitude.cms.job.controller.SysJobLogController.clean()','DELETE',1,'admin','','/cms-api/monitor/jobLog/clean','127.0.0.1','å†…ç½‘IP','{}','',1,'nested exception is org.apache.ibatis.exceptions.PersistenceException: \n### Error updating database.  Cause: com.baomidou.mybatisplus.core.exceptions.MybatisPlusException: Prohibition of full table deletion\n### The error may exist in xin/altitude/cms/job/mapper/SysJobLogMapper.java (best guess)\n### The error may involve xin.altitude.cms.job.mapper.SysJobLogMapper.delete\n### The error occurred while executing an update\n### Cause: com.baomidou.mybatisplus.core.exceptions.MybatisPlusException: Prohibition of full table deletion',NULL),(86,'è°ƒåº¦æ—¥å¿—',9,'xin.altitude.cms.job.controller.SysJobLogController.clean()','DELETE',1,'admin','','/cms-api/monitor/jobLog/clean','127.0.0.1','å†…ç½‘IP','{}','{\"code\":200,\"msg\":\"æ“ä½œæˆåŠŸ\"}',0,'',NULL),(87,'å®šæ—¶ä»»åŠ¡',2,'xin.altitude.cms.job.controller.SysJobController.changeStatus()','PUT',1,'admin','','/cms-api/monitor/job/changeStatus','127.0.0.1','å†…ç½‘IP','{\"jobId\":1,\"status\":\"0\"}','{\"code\":200,\"msg\":\"æ“ä½œæˆåŠŸ\"}',0,'',NULL),(88,'å®šæ—¶ä»»åŠ¡',2,'xin.altitude.cms.job.controller.SysJobController.changeStatus()','PUT',1,'admin','','/cms-api/monitor/job/changeStatus','127.0.0.1','å†…ç½‘IP','{\"jobId\":1,\"status\":\"1\"}','{\"code\":200,\"msg\":\"æ“ä½œæˆåŠŸ\"}',0,'',NULL),(89,'å®šæ—¶ä»»åŠ¡',2,'xin.altitude.cms.job.controller.SysJobController.changeStatus()','PUT',1,'admin','','/cms-api/monitor/job/changeStatus','127.0.0.1','å†…ç½‘IP','{\"jobId\":1,\"status\":\"0\"}','{\"code\":200,\"msg\":\"æ“ä½œæˆåŠŸ\"}',0,'',NULL),(90,'å®šæ—¶ä»»åŠ¡',2,'xin.altitude.cms.job.controller.SysJobController.changeStatus()','PUT',1,'admin','','/cms-api/monitor/job/changeStatus','127.0.0.1','å†…ç½‘IP','{\"jobId\":1,\"status\":\"1\"}','{\"code\":200,\"msg\":\"æ“ä½œæˆåŠŸ\"}',0,'',NULL),(91,'å®šæ—¶ä»»åŠ¡',2,'xin.altitude.cms.job.controller.SysJobController.edit()','PUT',1,'admin','','/cms-api/monitor/job','127.0.0.1','å†…ç½‘IP','{\"cronExpression\":\"* * * * * ?\",\"jobName\":\"æ¯æ—¥æ›´æ–°æ•°æ®\",\"jobId\":4,\"nextValidTime\":1641976065000,\"deleted\":false,\"createTime\":\"2022-01-12T15:10:41\",\"invokeTarget\":\"cmsTask.oneParams(\'ry\')\",\"concurrent\":\"1\",\"misfirePolicy\":\"3\",\"updateTime\":\"2022-01-12T16:23:28\",\"jobGroup\":\"DEFAULT\",\"status\":\"1\"}','{\"code\":200,\"msg\":\"æ“ä½œæˆåŠŸ\"}',0,'',NULL),(92,'å®šæ—¶ä»»åŠ¡',2,'xin.altitude.cms.job.controller.SysJobController.edit()','PUT',1,'admin','','/cms-api/monitor/job','127.0.0.1','å†…ç½‘IP','{\"cronExpression\":\"* * * * * ?\",\"jobName\":\"æ¯ç§’æ›´æ–°æ•°æ®\",\"jobId\":4,\"nextValidTime\":1641976091000,\"deleted\":false,\"createTime\":\"2022-01-12T15:10:41\",\"invokeTarget\":\"cmsTask.oneParams(\'ry\')\",\"concurrent\":\"1\",\"misfirePolicy\":\"3\",\"updateTime\":\"2022-01-12T16:23:28\",\"jobGroup\":\"DEFAULT\",\"status\":\"1\"}','{\"code\":200,\"msg\":\"æ“ä½œæˆåŠŸ\"}',0,'',NULL),(93,'å®šæ—¶ä»»åŠ¡',2,'xin.altitude.cms.job.controller.SysJobController.edit()','PUT',1,'admin','','/cms-api/monitor/job','127.0.0.1','å†…ç½‘IP','{\"cronExpression\":\"* * * * * ?\",\"jobName\":\"æ¯ç§’æ›´æ–°æ•°æ®\",\"jobId\":4,\"nextValidTime\":1641976102000,\"deleted\":false,\"createTime\":\"2022-01-12T15:10:41\",\"invokeTarget\":\"cmsTask.oneParams(\'ry\')\",\"concurrent\":\"1\",\"misfirePolicy\":\"3\",\"updateTime\":\"2022-01-12T16:23:28\",\"jobGroup\":\"DEFAULT\",\"status\":\"1\"}','{\"code\":200,\"msg\":\"æ“ä½œæˆåŠŸ\"}',0,'',NULL),(94,'å®šæ—¶ä»»åŠ¡',2,'xin.altitude.cms.job.controller.SysJobController.changeStatus()','PUT',1,'admin','','/cms-api/monitor/job/changeStatus','127.0.0.1','å†…ç½‘IP','{\"jobId\":4,\"status\":\"0\"}','{\"code\":200,\"msg\":\"æ“ä½œæˆåŠŸ\"}',0,'',NULL),(95,'å®šæ—¶ä»»åŠ¡',2,'xin.altitude.cms.job.controller.SysJobController.changeStatus()','PUT',1,'admin','','/cms-api/monitor/job/changeStatus','127.0.0.1','å†…ç½‘IP','{\"jobId\":4,\"status\":\"1\"}','{\"code\":200,\"msg\":\"æ“ä½œæˆåŠŸ\"}',0,'',NULL),(96,'å®šæ—¶ä»»åŠ¡è°ƒåº¦æ—¥å¿—',3,'xin.altitude.cms.job.controller.SysJobLogController.remove()','DELETE',1,'admin','','/cms-api/monitor/jobLog/126,127,128,129,130,131,132,133,134,135,136,137,138,139,140,141,142,143,144,145,146,147,148,149,150,151,152,153,154,155,156,157,158,159,160,161,162,163,164,165,166,167,168,169,170,171,172,173','127.0.0.1','å†…ç½‘IP','{jobLogIds=126,127,128,129,130,131,132,133,134,135,136,137,138,139,140,141,142,143,144,145,146,147,148,149,150,151,152,153,154,155,156,157,158,159,160,161,162,163,164,165,166,167,168,169,170,171,172,173}','{\"code\":200,\"msg\":\"æ“ä½œæˆåŠŸ\"}',0,'',NULL),(97,'å®šæ—¶ä»»åŠ¡',2,'xin.altitude.cms.job.controller.SysJobController.changeStatus()','PUT',1,'admin','','/cms-api/monitor/job/changeStatus','127.0.0.1','å†…ç½‘IP','{\"jobId\":4,\"status\":\"0\"}','{\"code\":200,\"msg\":\"æ“ä½œæˆåŠŸ\"}',0,'',NULL),(98,'å®šæ—¶ä»»åŠ¡',2,'xin.altitude.cms.job.controller.SysJobController.changeStatus()','PUT',1,'admin','','/cms-api/monitor/job/changeStatus','127.0.0.1','å†…ç½‘IP','{\"jobId\":4,\"status\":\"1\"}','{\"code\":200,\"msg\":\"æ“ä½œæˆåŠŸ\"}',0,'',NULL),(99,'å®šæ—¶ä»»åŠ¡',2,'xin.altitude.cms.job.controller.SysJobController.changeStatus()','PUT',1,'admin','','/cms-api/monitor/job/changeStatus','127.0.0.1','å†…ç½‘IP','{\"jobId\":4,\"status\":\"0\"}','{\"code\":200,\"msg\":\"æ“ä½œæˆåŠŸ\"}',0,'',NULL),(100,'å®šæ—¶ä»»åŠ¡',2,'xin.altitude.cms.job.controller.SysJobController.changeStatus()','PUT',1,'admin','','/cms-api/monitor/job/changeStatus','127.0.0.1','å†…ç½‘IP','{\"jobId\":4,\"status\":\"1\"}','{\"code\":200,\"msg\":\"æ“ä½œæˆåŠŸ\"}',0,'',NULL),(101,'å®šæ—¶ä»»åŠ¡',2,'xin.altitude.cms.job.controller.SysJobController.edit()','PUT',1,'admin','','/cms-api/monitor/job','127.0.0.1','å†…ç½‘IP','{\"cronExpression\":\"* * * * * ?\",\"jobName\":\"æ¯åˆ†é’Ÿæ›´æ–°æ•°æ®\",\"jobId\":4,\"nextValidTime\":1641978636000,\"deleted\":false,\"createTime\":\"2022-01-12T15:10:41\",\"invokeTarget\":\"cmsTask.oneParams(\'ry\')\",\"concurrent\":\"1\",\"misfirePolicy\":\"3\",\"updateTime\":\"2022-01-12T17:09:39\",\"jobGroup\":\"DEFAULT\",\"status\":\"1\"}','{\"code\":200,\"msg\":\"æ“ä½œæˆåŠŸ\"}',0,'',NULL),(102,'èœå•ç®¡ç†',2,'xin.altitude.cms.system.controller.SysMenuProController.edit()','PUT',1,'admin','','/cms-api/system/menu','127.0.0.1','å†…ç½‘IP','{\"visible\":\"0\",\"query\":\"\",\"icon\":\"swagger\",\"orderNum\":\"4\",\"menuName\":\"ç³»ç»Ÿæ¥å£\",\"remark\":\"ç³»ç»Ÿæ¥å£èœå•\",\"updateTime\":1641368520000,\"params\":{},\"parentId\":0,\"isCache\":\"1\",\"path\":\"/doc.html\",\"component\":\"tool/swagger/index\",\"createBy\":\"admin\",\"children\":[],\"createTime\":1637546274000,\"updateBy\":\"admin\",\"isFrame\":\"0\",\"menuId\":116,\"menuType\":\"C\",\"perms\":\"tool:swagger:list\",\"status\":\"0\"}','{\"code\":500,\"msg\":\"ä¿®æ”¹èœå•\'ç³»ç»Ÿæ¥å£\'å¤±è´¥ï¼Œåœ°å€å¿…é¡»ä»¥http(s)://å¼€å¤´\"}',0,'',NULL),(103,'èœå•ç®¡ç†',2,'xin.altitude.cms.system.controller.SysMenuProController.edit()','PUT',1,'admin','','/cms-api/system/menu','127.0.0.1','å†…ç½‘IP','{\"visible\":\"0\",\"query\":\"\",\"icon\":\"swagger\",\"orderNum\":\"4\",\"menuName\":\"ç³»ç»Ÿæ¥å£\",\"remark\":\"ç³»ç»Ÿæ¥å£èœå•\",\"updateTime\":1641368520000,\"params\":{},\"parentId\":0,\"isCache\":\"1\",\"path\":\"/doc.html\",\"component\":\"tool/swagger/index\",\"createBy\":\"admin\",\"children\":[],\"createTime\":1637546274000,\"updateBy\":\"admin\",\"isFrame\":\"0\",\"menuId\":116,\"menuType\":\"C\",\"perms\":\"tool:swagger:list\",\"status\":\"0\"}','{\"code\":500,\"msg\":\"ä¿®æ”¹èœå•\'ç³»ç»Ÿæ¥å£\'å¤±è´¥ï¼Œåœ°å€å¿…é¡»ä»¥http(s)://å¼€å¤´\"}',0,'',NULL),(104,'èœå•ç®¡ç†',2,'xin.altitude.cms.system.controller.SysMenuProController.edit()','PUT',1,'admin','','/cms-api/system/menu','127.0.0.1','å†…ç½‘IP','{\"visible\":\"0\",\"query\":\"\",\"icon\":\"swagger\",\"orderNum\":\"4\",\"menuName\":\"ç³»ç»Ÿæ¥å£\",\"remark\":\"ç³»ç»Ÿæ¥å£èœå•\",\"updateTime\":1641368520000,\"params\":{},\"parentId\":0,\"isCache\":\"1\",\"path\":\"/doc.html\",\"component\":\"tool/swagger/index\",\"createBy\":\"admin\",\"children\":[],\"createTime\":1637546274000,\"updateBy\":\"admin\",\"isFrame\":\"0\",\"menuId\":116,\"menuType\":\"C\",\"perms\":\"tool:swagger:list\",\"status\":\"0\"}','{\"code\":500,\"msg\":\"ä¿®æ”¹èœå•\'ç³»ç»Ÿæ¥å£\'å¤±è´¥ï¼Œåœ°å€å¿…é¡»ä»¥http(s)://å¼€å¤´\"}',0,'',NULL),(105,'èœå•ç®¡ç†',2,'xin.altitude.cms.system.controller.SysMenuProController.edit()','PUT',1,'admin','','/cms-api/system/menu','127.0.0.1','å†…ç½‘IP','{\"visible\":\"0\",\"query\":\"\",\"icon\":\"swagger\",\"orderNum\":\"4\",\"menuName\":\"ç³»ç»Ÿæ¥å£\",\"remark\":\"ç³»ç»Ÿæ¥å£èœå•\",\"updateTime\":1641368520000,\"params\":{},\"parentId\":0,\"isCache\":\"1\",\"path\":\"/doc.html\",\"component\":\"tool/swagger/index\",\"createBy\":\"admin\",\"children\":[],\"createTime\":1637546274000,\"updateBy\":\"admin\",\"isFrame\":\"0\",\"menuId\":116,\"menuType\":\"C\",\"perms\":\"tool:swagger:list\",\"status\":\"0\"}','{\"code\":500,\"msg\":\"ä¿®æ”¹èœå•\'ç³»ç»Ÿæ¥å£\'å¤±è´¥ï¼Œåœ°å€å¿…é¡»ä»¥http(s)://å¼€å¤´\"}',0,'',NULL),(106,'èœå•ç®¡ç†',2,'xin.altitude.cms.system.controller.SysMenuProController.edit()','PUT',1,'admin','','/cms-api/system/menu','127.0.0.1','å†…ç½‘IP','{\"visible\":\"0\",\"query\":\"\",\"icon\":\"swagger\",\"orderNum\":\"4\",\"menuName\":\"ç³»ç»Ÿæ¥å£\",\"remark\":\"ç³»ç»Ÿæ¥å£èœå•\",\"updateTime\":1641368520000,\"params\":{},\"parentId\":0,\"isCache\":\"1\",\"path\":\"/doc.html\",\"component\":\"tool/swagger/index\",\"createBy\":\"admin\",\"children\":[],\"createTime\":1637546274000,\"updateBy\":\"admin\",\"isFrame\":\"0\",\"menuId\":116,\"menuType\":\"C\",\"perms\":\"tool:swagger:list\",\"status\":\"0\"}','{\"code\":500,\"msg\":\"ä¿®æ”¹èœå•\'ç³»ç»Ÿæ¥å£\'å¤±è´¥ï¼Œåœ°å€å¿…é¡»ä»¥http(s)://å¼€å¤´\"}',0,'',NULL),(107,'èœå•ç®¡ç†',2,'xin.altitude.cms.system.controller.SysMenuProController.edit()','PUT',1,'admin','','/cms-api/system/menu','127.0.0.1','å†…ç½‘IP','{\"visible\":\"0\",\"query\":\"\",\"icon\":\"swagger\",\"orderNum\":\"4\",\"menuName\":\"ç³»ç»Ÿæ¥å£\",\"remark\":\"ç³»ç»Ÿæ¥å£èœå•\",\"updateTime\":1641368520000,\"params\":{},\"parentId\":0,\"isCache\":\"1\",\"path\":\"/doc.html\",\"component\":\"tool/swagger/index\",\"createBy\":\"admin\",\"children\":[],\"createTime\":1637546274000,\"updateBy\":\"admin\",\"isFrame\":\"0\",\"menuId\":116,\"menuType\":\"C\",\"perms\":\"tool:swagger:list\",\"status\":\"0\"}','{\"code\":500,\"msg\":\"ä¿®æ”¹èœå•\'ç³»ç»Ÿæ¥å£\'å¤±è´¥ï¼Œåœ°å€å¿…é¡»ä»¥http(s)://å¼€å¤´\"}',0,'',NULL),(108,'èœå•ç®¡ç†',2,'xin.altitude.cms.system.controller.SysMenuProController.edit()','PUT',1,'admin','','/cms-api/system/menu','127.0.0.1','å†…ç½‘IP','{\"visible\":\"0\",\"query\":\"\",\"icon\":\"swagger\",\"orderNum\":\"4\",\"menuName\":\"ç³»ç»Ÿæ¥å£\",\"remark\":\"ç³»ç»Ÿæ¥å£èœå•\",\"updateTime\":1641368520000,\"params\":{},\"parentId\":0,\"isCache\":\"1\",\"path\":\"/doc.html\",\"component\":\"tool/swagger/index\",\"createBy\":\"admin\",\"children\":[],\"createTime\":1637546274000,\"updateBy\":\"admin\",\"isFrame\":\"0\",\"menuId\":116,\"menuType\":\"C\",\"perms\":\"tool:swagger:list\",\"status\":\"0\"}','{\"code\":500,\"msg\":\"ä¿®æ”¹èœå•\'ç³»ç»Ÿæ¥å£\'å¤±è´¥ï¼Œåœ°å€å¿…é¡»ä»¥http(s)://å¼€å¤´\"}',0,'',NULL),(109,'èœå•ç®¡ç†',2,'xin.altitude.cms.system.controller.SysMenuProController.edit()','PUT',1,'admin','','/cms-api/system/menu','127.0.0.1','å†…ç½‘IP','{\"visible\":\"0\",\"query\":\"\",\"icon\":\"swagger\",\"orderNum\":\"4\",\"menuName\":\"ç³»ç»Ÿæ¥å£\",\"remark\":\"ç³»ç»Ÿæ¥å£èœå•\",\"updateTime\":1641368520000,\"params\":{},\"parentId\":0,\"isCache\":\"1\",\"path\":\"/doc.html\",\"component\":\"tool/swagger/index\",\"createBy\":\"admin\",\"children\":[],\"createTime\":1637546274000,\"updateBy\":\"admin\",\"isFrame\":\"0\",\"menuId\":116,\"menuType\":\"C\",\"perms\":\"tool:swagger:list\",\"status\":\"0\"}','{\"code\":500,\"msg\":\"ä¿®æ”¹èœå•\'ç³»ç»Ÿæ¥å£\'å¤±è´¥ï¼Œåœ°å€å¿…é¡»ä»¥http(s)://å¼€å¤´\"}',0,'',NULL),(110,'èœå•ç®¡ç†',2,'xin.altitude.cms.system.controller.SysMenuProController.edit()','PUT',1,'admin','','/cms-api/system/menu','127.0.0.1','å†…ç½‘IP','{\"visible\":\"0\",\"query\":\"\",\"icon\":\"swagger\",\"orderNum\":\"4\",\"menuName\":\"ç³»ç»Ÿæ¥å£\",\"remark\":\"ç³»ç»Ÿæ¥å£èœå•\",\"updateTime\":1641368520000,\"params\":{},\"parentId\":0,\"isCache\":\"1\",\"path\":\"/doc.html\",\"component\":\"tool/swagger/index\",\"createBy\":\"admin\",\"children\":[],\"createTime\":1637546274000,\"updateBy\":\"admin\",\"isFrame\":\"0\",\"menuId\":116,\"menuType\":\"C\",\"perms\":\"tool:swagger:list\",\"status\":\"0\"}','{\"code\":500,\"msg\":\"ä¿®æ”¹èœå•\'ç³»ç»Ÿæ¥å£\'å¤±è´¥ï¼Œåœ°å€å¿…é¡»ä»¥http(s)://å¼€å¤´\"}',0,'',NULL);
/*!40000 ALTER TABLE `sys_oper_log` ENABLE KEYS */;
UNLOCK TABLES;

--
-- Table structure for table `sys_post`
--

DROP TABLE IF EXISTS `sys_post`;
/*!40101 SET @saved_cs_client     = @@character_set_client */;
/*!50503 SET character_set_client = utf8mb4 */;
CREATE TABLE `sys_post` (
  `post_id` bigint(20) NOT NULL AUTO_INCREMENT COMMENT 'å²—ä½ID',
  `post_code` varchar(64) NOT NULL COMMENT 'å²—ä½ç¼–ç ',
  `post_name` varchar(50) NOT NULL COMMENT 'å²—ä½åç§°',
  `post_sort` int(4) NOT NULL COMMENT 'æ˜¾ç¤ºé¡ºåº',
  `status` char(1) NOT NULL COMMENT 'çŠ¶æ€ï¼ˆ0æ­£å¸¸ 1åœç”¨ï¼‰',
  `create_by` varchar(64) DEFAULT '' COMMENT 'åˆ›å»ºè€…',
  `create_time` datetime DEFAULT CURRENT_TIMESTAMP COMMENT 'åˆ›å»ºæ—¶é—´',
  `update_by` varchar(64) DEFAULT '' COMMENT 'æ›´æ–°è€…',
  `update_time` datetime DEFAULT NULL ON UPDATE CURRENT_TIMESTAMP COMMENT 'æ›´æ–°æ—¶é—´',
  `remark` varchar(500) DEFAULT NULL COMMENT 'å¤‡æ³¨',
  PRIMARY KEY (`post_id`)
) ENGINE=InnoDB AUTO_INCREMENT=5 DEFAULT CHARSET=utf8 COMMENT='å²—ä½ä¿¡æ¯è¡¨';
/*!40101 SET character_set_client = @saved_cs_client */;

--
-- Dumping data for table `sys_post`
--

LOCK TABLES `sys_post` WRITE;
/*!40000 ALTER TABLE `sys_post` DISABLE KEYS */;
INSERT INTO `sys_post` VALUES (1,'ceo','è‘£äº‹é•¿',1,'0','admin','2021-11-22 09:57:54','',NULL,''),(2,'se','é¡¹ç›®ç»ç†',2,'0','admin','2021-11-22 09:57:54','',NULL,''),(3,'hr','äººåŠ›èµ„æº',3,'0','admin','2021-11-22 09:57:54','',NULL,''),(4,'user','æ™®é€šå‘˜å·¥',4,'0','admin','2021-11-22 09:57:54','',NULL,'');
/*!40000 ALTER TABLE `sys_post` ENABLE KEYS */;
UNLOCK TABLES;

--
-- Table structure for table `sys_role`
--

DROP TABLE IF EXISTS `sys_role`;
/*!40101 SET @saved_cs_client     = @@character_set_client */;
/*!50503 SET character_set_client = utf8mb4 */;
CREATE TABLE `sys_role` (
  `role_id` bigint(20) NOT NULL AUTO_INCREMENT COMMENT 'è§’è‰²ID',
  `role_name` varchar(30) NOT NULL COMMENT 'è§’è‰²åç§°',
  `role_key` varchar(100) NOT NULL COMMENT 'è§’è‰²æƒé™å­—ç¬¦ä¸²',
  `role_sort` int(4) NOT NULL COMMENT 'æ˜¾ç¤ºé¡ºåº',
  `data_scope` char(1) DEFAULT '1' COMMENT 'æ•°æ®èŒƒå›´ï¼ˆ1ï¼šå…¨éƒ¨æ•°æ®æƒé™ 2ï¼šè‡ªå®šæ•°æ®æƒé™ 3ï¼šæœ¬éƒ¨é—¨æ•°æ®æƒé™ 4ï¼šæœ¬éƒ¨é—¨åŠä»¥ä¸‹æ•°æ®æƒé™ï¼‰',
  `menu_check_strictly` tinyint(1) DEFAULT '1' COMMENT 'èœå•æ ‘é€‰æ‹©é¡¹æ˜¯å¦å…³è”æ˜¾ç¤º',
  `dept_check_strictly` tinyint(1) DEFAULT '1' COMMENT 'éƒ¨é—¨æ ‘é€‰æ‹©é¡¹æ˜¯å¦å…³è”æ˜¾ç¤º',
  `status` char(1) NOT NULL COMMENT 'è§’è‰²çŠ¶æ€ï¼ˆ0æ­£å¸¸ 1åœç”¨ï¼‰',
  `del_flag` char(1) DEFAULT '0' COMMENT 'åˆ é™¤æ ‡å¿—ï¼ˆ0ä»£è¡¨å­˜åœ¨ 2ä»£è¡¨åˆ é™¤ï¼‰',
  `create_by` varchar(64) DEFAULT '' COMMENT 'åˆ›å»ºè€…',
  `create_time` datetime DEFAULT CURRENT_TIMESTAMP COMMENT 'åˆ›å»ºæ—¶é—´',
  `update_by` varchar(64) DEFAULT '' COMMENT 'æ›´æ–°è€…',
  `update_time` datetime DEFAULT NULL ON UPDATE CURRENT_TIMESTAMP COMMENT 'æ›´æ–°æ—¶é—´',
  `remark` varchar(500) DEFAULT NULL COMMENT 'å¤‡æ³¨',
  PRIMARY KEY (`role_id`)
) ENGINE=InnoDB AUTO_INCREMENT=4 DEFAULT CHARSET=utf8 COMMENT='è§’è‰²ä¿¡æ¯è¡¨';
/*!40101 SET character_set_client = @saved_cs_client */;

--
-- Dumping data for table `sys_role`
--

LOCK TABLES `sys_role` WRITE;
/*!40000 ALTER TABLE `sys_role` DISABLE KEYS */;
INSERT INTO `sys_role` VALUES (1,'è¶…çº§ç®¡ç†å‘˜','admin',1,'1',1,1,'0','0','admin','2021-11-22 09:57:54','',NULL,'è¶…çº§ç®¡ç†å‘˜'),(2,'æ™®é€šè§’è‰²','common',2,'2',1,1,'0','0','admin','2021-11-22 09:57:54','admin','2021-12-26 16:13:12','æ™®é€šè§’è‰²'),(3,'32112312312312','31231231313123131231312',3,'1',1,1,'0','0','admin','2021-12-28 11:22:33','',NULL,NULL);
/*!40000 ALTER TABLE `sys_role` ENABLE KEYS */;
UNLOCK TABLES;

--
-- Table structure for table `sys_role_dept`
--

DROP TABLE IF EXISTS `sys_role_dept`;
/*!40101 SET @saved_cs_client     = @@character_set_client */;
/*!50503 SET character_set_client = utf8mb4 */;
CREATE TABLE `sys_role_dept` (
  `id` bigint(20) unsigned NOT NULL AUTO_INCREMENT COMMENT 'ä¸»é”®',
  `role_id` bigint(20) NOT NULL COMMENT 'è§’è‰²ID',
  `dept_id` bigint(20) NOT NULL COMMENT 'éƒ¨é—¨ID',
  PRIMARY KEY (`id`),
  UNIQUE KEY `role_id` (`role_id`,`dept_id`),
  KEY `dept_id` (`dept_id`),
  CONSTRAINT `sys_role_dept_ibfk_1` FOREIGN KEY (`role_id`) REFERENCES `sys_role` (`role_id`) ON DELETE CASCADE ON UPDATE CASCADE,
  CONSTRAINT `sys_role_dept_ibfk_2` FOREIGN KEY (`dept_id`) REFERENCES `sys_dept` (`dept_id`) ON DELETE CASCADE ON UPDATE CASCADE
) ENGINE=InnoDB AUTO_INCREMENT=4 DEFAULT CHARSET=utf8 COMMENT='è§’è‰²å’Œéƒ¨é—¨å…³è”è¡¨';
/*!40101 SET character_set_client = @saved_cs_client */;

--
-- Dumping data for table `sys_role_dept`
--

LOCK TABLES `sys_role_dept` WRITE;
/*!40000 ALTER TABLE `sys_role_dept` DISABLE KEYS */;
INSERT INTO `sys_role_dept` VALUES (1,2,100),(2,2,101),(3,2,105);
/*!40000 ALTER TABLE `sys_role_dept` ENABLE KEYS */;
UNLOCK TABLES;

--
-- Table structure for table `sys_role_menu`
--

DROP TABLE IF EXISTS `sys_role_menu`;
/*!40101 SET @saved_cs_client     = @@character_set_client */;
/*!50503 SET character_set_client = utf8mb4 */;
CREATE TABLE `sys_role_menu` (
  `id` bigint(11) unsigned NOT NULL AUTO_INCREMENT COMMENT 'ä¸»é”®',
  `role_id` bigint(20) NOT NULL COMMENT 'è§’è‰²ID',
  `menu_id` bigint(20) NOT NULL COMMENT 'èœå•ID',
  PRIMARY KEY (`id`),
  UNIQUE KEY `role_id` (`role_id`,`menu_id`),
  KEY `menu_id` (`menu_id`),
  CONSTRAINT `sys_role_menu_ibfk_1` FOREIGN KEY (`role_id`) REFERENCES `sys_role` (`role_id`) ON DELETE CASCADE ON UPDATE CASCADE,
  CONSTRAINT `sys_role_menu_ibfk_2` FOREIGN KEY (`menu_id`) REFERENCES `sys_menu` (`menu_id`) ON DELETE CASCADE ON UPDATE CASCADE
) ENGINE=InnoDB AUTO_INCREMENT=167 DEFAULT CHARSET=utf8 COMMENT='è§’è‰²å’Œèœå•å…³è”è¡¨';
/*!40101 SET character_set_client = @saved_cs_client */;

--
-- Dumping data for table `sys_role_menu`
--

LOCK TABLES `sys_role_menu` WRITE;
/*!40000 ALTER TABLE `sys_role_menu` DISABLE KEYS */;
INSERT INTO `sys_role_menu` VALUES (85,2,2),(100,2,3),(86,2,109),(90,2,110),(97,2,111),(98,2,112),(99,2,113),(101,2,114),(102,2,115),(109,2,116),(110,3,1),(111,3,100),(119,3,101),(125,3,102),(130,3,103),(135,3,104),(141,3,105),(147,3,106),(153,3,107),(158,3,108),(159,3,500),(163,3,501);
/*!40000 ALTER TABLE `sys_role_menu` ENABLE KEYS */;
UNLOCK TABLES;

--
-- Table structure for table `sys_user`
--

DROP TABLE IF EXISTS `sys_user`;
/*!40101 SET @saved_cs_client     = @@character_set_client */;
/*!50503 SET character_set_client = utf8mb4 */;
CREATE TABLE `sys_user` (
  `user_id` bigint(20) NOT NULL AUTO_INCREMENT COMMENT 'ç”¨æˆ·ID',
  `dept_id` bigint(20) DEFAULT NULL COMMENT 'éƒ¨é—¨ID',
  `user_name` varchar(30) NOT NULL COMMENT 'ç”¨æˆ·è´¦å·',
  `nick_name` varchar(30) NOT NULL COMMENT 'ç”¨æˆ·æ˜µç§°',
  `user_type` varchar(2) DEFAULT '00' COMMENT 'ç”¨æˆ·ç±»å‹ï¼ˆ00ç³»ç»Ÿç”¨æˆ·ï¼‰',
  `email` varchar(50) DEFAULT '' COMMENT 'ç”¨æˆ·é‚®ç®±',
  `phonenumber` varchar(11) DEFAULT '' COMMENT 'æ‰‹æœºå·ç ',
  `sex` char(1) DEFAULT '0' COMMENT 'ç”¨æˆ·æ€§åˆ«ï¼ˆ0ç”· 1å¥³ 2æœªçŸ¥ï¼‰',
  `avatar` varchar(100) DEFAULT '' COMMENT 'å¤´åƒåœ°å€',
  `password` varchar(100) DEFAULT '' COMMENT 'å¯†ç ',
  `status` char(1) DEFAULT '0' COMMENT 'å¸å·çŠ¶æ€ï¼ˆ0æ­£å¸¸ 1åœç”¨ï¼‰',
  `del_flag` char(1) DEFAULT '0' COMMENT 'åˆ é™¤æ ‡å¿—ï¼ˆ0ä»£è¡¨å­˜åœ¨ 2ä»£è¡¨åˆ é™¤ï¼‰',
  `login_ip` varchar(128) DEFAULT '' COMMENT 'æœ€åç™»å½•IP',
  `login_date` datetime DEFAULT NULL COMMENT 'æœ€åç™»å½•æ—¶é—´',
  `create_by` varchar(64) DEFAULT '' COMMENT 'åˆ›å»ºè€…',
  `create_time` datetime DEFAULT CURRENT_TIMESTAMP COMMENT 'åˆ›å»ºæ—¶é—´',
  `update_by` varchar(64) DEFAULT '' COMMENT 'æ›´æ–°è€…',
  `update_time` datetime DEFAULT NULL ON UPDATE CURRENT_TIMESTAMP COMMENT 'æ›´æ–°æ—¶é—´',
  `remark` varchar(500) DEFAULT NULL COMMENT 'å¤‡æ³¨',
  PRIMARY KEY (`user_id`),
  KEY `dept_id` (`dept_id`),
  CONSTRAINT `sys_user_ibfk_1` FOREIGN KEY (`dept_id`) REFERENCES `sys_dept` (`dept_id`) ON DELETE SET NULL ON UPDATE CASCADE
) ENGINE=InnoDB AUTO_INCREMENT=4 DEFAULT CHARSET=utf8 COMMENT='ç”¨æˆ·ä¿¡æ¯è¡¨';
/*!40101 SET character_set_client = @saved_cs_client */;

--
-- Dumping data for table `sys_user`
--

LOCK TABLES `sys_user` WRITE;
/*!40000 ALTER TABLE `sys_user` DISABLE KEYS */;
INSERT INTO `sys_user` VALUES (1,103,'admin','è‹¥ä¾','00','ry@163.com','15888888888','1','','$2a$10$7JB720yubVSZvUI0rEqK/.VqGOZTH.ulu33dHOiBE8ByOhJIrdAu2','0','0','127.0.0.1','2022-01-12 18:20:26','admin','2021-11-22 09:57:54','','2022-01-12 18:20:26','ç®¡ç†å‘˜'),(2,109,'ry','è‹¥ä¾','00','ry@qq.com','15666666666','0','','$2a$10$7JB720yubVSZvUI0rEqK/.VqGOZTH.ulu33dHOiBE8ByOhJIrdAu2','0','0','127.0.0.1','2021-11-22 09:57:54','admin','2021-11-22 09:57:54','admin','2022-01-12 13:36:20','æµ‹è¯•å‘˜'),(3,100,'32131233','321','00','','18511112222','0','','','0','0','',NULL,'admin',NULL,'admin',NULL,NULL);
/*!40000 ALTER TABLE `sys_user` ENABLE KEYS */;
UNLOCK TABLES;

--
-- Table structure for table `sys_user_post`
--

DROP TABLE IF EXISTS `sys_user_post`;
/*!40101 SET @saved_cs_client     = @@character_set_client */;
/*!50503 SET character_set_client = utf8mb4 */;
CREATE TABLE `sys_user_post` (
  `id` bigint(20) unsigned NOT NULL AUTO_INCREMENT COMMENT 'ä¸»é”®',
  `user_id` bigint(20) NOT NULL COMMENT 'ç”¨æˆ·ID',
  `post_id` bigint(20) NOT NULL COMMENT 'å²—ä½ID',
  PRIMARY KEY (`id`),
  UNIQUE KEY `user_id` (`user_id`,`post_id`),
  KEY `post_id` (`post_id`),
  CONSTRAINT `sys_user_post_ibfk_1` FOREIGN KEY (`user_id`) REFERENCES `sys_user` (`user_id`) ON DELETE CASCADE ON UPDATE CASCADE,
  CONSTRAINT `sys_user_post_ibfk_2` FOREIGN KEY (`post_id`) REFERENCES `sys_post` (`post_id`) ON DELETE CASCADE ON UPDATE CASCADE
) ENGINE=InnoDB AUTO_INCREMENT=10 DEFAULT CHARSET=utf8 COMMENT='ç”¨æˆ·ä¸å²—ä½å…³è”è¡¨';
/*!40101 SET character_set_client = @saved_cs_client */;

--
-- Dumping data for table `sys_user_post`
--

LOCK TABLES `sys_user_post` WRITE;
/*!40000 ALTER TABLE `sys_user_post` DISABLE KEYS */;
INSERT INTO `sys_user_post` VALUES (1,1,1),(6,2,2),(9,3,1);
/*!40000 ALTER TABLE `sys_user_post` ENABLE KEYS */;
UNLOCK TABLES;

--
-- Table structure for table `sys_user_role`
--

DROP TABLE IF EXISTS `sys_user_role`;
/*!40101 SET @saved_cs_client     = @@character_set_client */;
/*!50503 SET character_set_client = utf8mb4 */;
CREATE TABLE `sys_user_role` (
  `id` bigint(20) unsigned NOT NULL AUTO_INCREMENT COMMENT 'ä¸»é”®',
  `user_id` bigint(20) NOT NULL COMMENT 'ç”¨æˆ·ID',
  `role_id` bigint(20) NOT NULL COMMENT 'è§’è‰²ID',
  PRIMARY KEY (`id`),
  UNIQUE KEY `user_id` (`user_id`,`role_id`),
  KEY `role_id` (`role_id`),
  CONSTRAINT `sys_user_role_ibfk_1` FOREIGN KEY (`user_id`) REFERENCES `sys_user` (`user_id`) ON DELETE CASCADE ON UPDATE CASCADE,
  CONSTRAINT `sys_user_role_ibfk_2` FOREIGN KEY (`role_id`) REFERENCES `sys_role` (`role_id`) ON DELETE CASCADE ON UPDATE CASCADE
) ENGINE=InnoDB AUTO_INCREMENT=11 DEFAULT CHARSET=utf8 COMMENT='ç”¨æˆ·å’Œè§’è‰²å…³è”è¡¨';
/*!40101 SET character_set_client = @saved_cs_client */;

--
-- Dumping data for table `sys_user_role`
--

LOCK TABLES `sys_user_role` WRITE;
/*!40000 ALTER TABLE `sys_user_role` DISABLE KEYS */;
INSERT INTO `sys_user_role` VALUES (1,1,1),(6,2,2),(10,3,3);
/*!40000 ALTER TABLE `sys_user_role` ENABLE KEYS */;
UNLOCK TABLES;
/*!40103 SET TIME_ZONE=@OLD_TIME_ZONE */;

/*!40101 SET SQL_MODE=@OLD_SQL_MODE */;
/*!40014 SET FOREIGN_KEY_CHECKS=@OLD_FOREIGN_KEY_CHECKS */;
/*!40014 SET UNIQUE_CHECKS=@OLD_UNIQUE_CHECKS */;
/*!40101 SET CHARACTER_SET_CLIENT=@OLD_CHARACTER_SET_CLIENT */;
/*!40101 SET CHARACTER_SET_RESULTS=@OLD_CHARACTER_SET_RESULTS */;
/*!40101 SET COLLATION_CONNECTION=@OLD_COLLATION_CONNECTION */;
/*!40111 SET SQL_NOTES=@OLD_SQL_NOTES */;

-- Dump completed on 2022-01-12 18:54:47
